country_name,country_text_id,year,e_regiongeo,v2x_cspart,v2xcs_ccsi,v2x_partipdem,v2csprtcpt,v2x_polyarchy,v2x_libdem,v2x_api,v2xdd_dd,v2x_freexp_altinf,v2xel_frefair,v2x_egaldem,v2x_regime,v2smgovfilprc,v2smgovsmcenprc,v2smonper,GDP per capita (constant 2015 US$),Individuals using the Internet (% of population),"Population, total","School enrollment, secondary (% gross)",Urban population (% of total population),vap_turnout
Bangladesh,BGD,2000,14,0.748,0.769,0.23,2.031,0.511,0.275,0.747,0.153,0.725,0.534,0.216,2.0,0.203,-0.815,0.152,620.560472822105,0.0710394,134544304.0,46.7210006713867,23.3145114975244,
Bangladesh,BGD,2001,14,0.748,0.717,0.226,2.031,0.504,0.268,0.743,0.141,0.733,0.536,0.212,2.0,0.203,-0.815,0.152,641.288922876274,0.129808,136805810.0,48.4609718322754,23.6999214768623,74.97
Bangladesh,BGD,2002,14,0.767,0.736,0.209,2.031,0.463,0.235,0.715,0.129,0.722,0.442,0.196,1.0,0.203,-0.815,0.152,655.672139362272,0.13992,138933658.0,49.6199493408203,24.1132383547332,74.97
Bangladesh,BGD,2003,14,0.767,0.737,0.211,2.031,0.474,0.239,0.723,0.117,0.735,0.442,0.199,1.0,0.203,-0.815,0.152,676.826252046427,0.163878,140970351.0,49.5259017944336,24.5525557512625,74.97
Bangladesh,BGD,2004,14,0.767,0.737,0.209,2.031,0.474,0.233,0.723,0.105,0.735,0.442,0.199,1.0,0.203,-0.815,0.152,702.656357081873,0.199036,142902856.0,46.3084297180176,25.0094809886101,74.97
Bangladesh,BGD,2005,14,0.767,0.737,0.208,2.031,0.474,0.233,0.723,0.093,0.735,0.442,0.199,1.0,0.203,-0.815,0.152,739.203718353409,0.241637,144715786.0,45.1695098876953,25.4769540701509,74.97
Bangladesh,BGD,2006,14,0.753,0.74,0.185,2.031,0.424,0.215,0.673,0.081,0.698,0.362,0.181,1.0,0.02,-0.909,0.152,779.419570444998,1.0,146405973.0,45.7007904052734,25.9479149992596,74.97
Bangladesh,BGD,2007,14,0.7,0.605,0.107,1.671,0.205,0.103,0.41,0.069,0.562,0.0,0.106,0.0,-0.105,-1.016,-0.081,825.508229964537,1.8,147989278.0,46.4658813476562,26.415303779311,74.97
Bangladesh,BGD,2008,14,0.7,0.66,0.107,1.671,0.209,0.105,0.418,0.057,0.587,0.004,0.108,1.0,-0.105,-1.016,-0.081,866.45815762135,2.5,149474264.0,44.5729598999023,26.87206041368,85.26
Bangladesh,BGD,2009,14,0.78,0.797,0.182,1.944,0.418,0.196,0.675,0.045,0.591,0.456,0.179,1.0,0.022,-0.797,0.294,901.729626251937,3.1,150873714.0,48.1255798339844,27.3111249057412,85.26
Bangladesh,BGD,2010,14,0.78,0.779,0.185,1.944,0.427,0.173,0.683,0.033,0.593,0.458,0.184,1.0,-0.834,-2.014,-0.944,943.66422864236,3.7,152201981.0,49.5031106793162,27.7254372588696,85.26
Bangladesh,BGD,2011,14,0.788,0.762,0.179,1.944,0.416,0.169,0.671,0.033,0.561,0.458,0.179,1.0,-0.941,-2.146,-1.152,995.579947155662,4.5,153591076.0,49.7515496494472,28.1100162712427,85.26
Bangladesh,BGD,2012,14,0.737,0.74,0.167,1.584,0.411,0.166,0.666,0.0,0.55,0.447,0.177,1.0,-0.941,-2.146,-1.152,1050.39140404066,5.0,155070101.0,51.6718482971191,28.4787972894576,85.26
Bangladesh,BGD,2013,14,0.727,0.77,0.15,1.584,0.377,0.146,0.633,0.0,0.478,0.45,0.167,1.0,-0.941,-2.146,-1.334,1103.15695907123,6.63,156532141.0,55.6214332189314,28.8407036106763,85.26
Bangladesh,BGD,2014,14,0.706,0.728,0.118,1.584,0.281,0.108,0.533,0.0,0.437,0.131,0.13,1.0,-1.171,-2.479,-1.334,1159.40753475981,11.9,157964929.0,,29.1944442321013,51.37
Bangladesh,BGD,2015,14,0.697,0.709,0.12,1.584,0.271,0.109,0.517,0.0,0.414,0.125,0.123,1.0,-1.171,-2.479,-1.334,1224.38647668165,12.9,159383179.0,59.4217414855957,29.5395099477892,51.37
Bangladesh,BGD,2016,14,0.695,0.684,0.118,1.584,0.269,0.11,0.514,0.0,0.405,0.125,0.123,1.0,-1.171,-2.479,-1.334,1299.83091360792,18.1,160811932.0,64.1664546117285,29.8753915517965,51.37
Bangladesh,BGD,2017,14,0.714,0.615,0.118,1.584,0.264,0.107,0.504,0.0,0.381,0.131,0.105,1.0,-1.171,-2.479,-1.334,1373.75363740186,21.5,162186147.0,62.3408639225315,30.2015798381799,51.37
Bangladesh,BGD,2018,14,0.599,0.619,0.105,1.335,0.254,0.1,0.49,0.0,0.392,0.107,0.101,1.0,-1.171,-2.479,-1.729,1462.25050255713,25.6,163523103.0,65.2714888764112,30.5175656009959,80.0
Bangladesh,BGD,2019,14,0.599,0.564,0.104,1.335,0.251,0.095,0.48,0.0,0.344,0.158,0.103,1.0,-0.872,-2.479,-1.729,1564.20802445636,30.4,164913055.0,65.1185413488915,30.8228396343012,80.0
Bangladesh,BGD,2020,14,0.609,0.612,0.108,1.335,0.258,0.097,0.491,0.0,0.367,0.158,0.103,1.0,-0.941,-2.625,-1.729,1604.6659234742,36.1091,166298024.0,66.4329548486639,31.1168927321524,80.0
Bangladesh,BGD,2021,14,0.573,0.671,0.103,1.335,0.254,0.092,0.486,0.0,0.362,0.158,0.099,1.0,-0.941,-2.625,-1.729,1702.08028414189,38.9174,167658854.0,66.8282318620991,31.3992156886061,80.0
Bangladesh,BGD,2022,14,0.594,0.685,0.106,1.335,0.263,0.095,0.5,0.0,0.379,0.154,0.103,1.0,-0.969,-3.439,-1.729,1804.3493461776,41.6165,169384897.0,67.0384586440383,31.673734726234,80.0
Bangladesh,BGD,2023,14,0.622,0.732,0.107,1.335,0.253,0.096,0.485,0.0,0.34,0.158,0.105,1.0,-0.969,-3.439,-1.478,1885.37733613545,44.5027,171466990.0,65.9856598598849,32.1578465036834,80.0
Bangladesh,BGD,2024,14,0.58,0.582,0.09,1.335,0.201,0.068,0.394,0.0,0.308,0.061,0.114,1.0,-0.979,-3.439,-1.26,1941.27874360025,,173562364.0,64.2997191043961,32.6783196323307,41.8
Bhutan,BTN,2000,14,0.557,0.641,0.127,0.51,0.095,0.156,0.189,0.0,0.441,0.0,0.184,0.0,-1.426,-1.951,-2.365,1259.6237645235,0.400944,596863.0,30.5185794830322,27.5915239884015,
Bhutan,BTN,2001,14,0.557,0.641,0.127,0.51,0.095,0.157,0.189,0.0,0.447,0.0,0.188,0.0,-1.426,-1.951,-2.365,1321.09878230279,0.864629,610794.0,33.8684310913086,28.282501830034,
Bhutan,BTN,2002,14,0.557,0.64,0.127,0.51,0.096,0.163,0.193,0.0,0.455,0.0,0.195,0.0,-1.426,-1.951,-2.365,1427.25693317315,1.6758,624409.0,,28.9630875013322,
Bhutan,BTN,2003,14,0.593,0.635,0.13,0.51,0.1,0.164,0.2,0.0,0.478,0.0,0.196,0.0,-1.426,-1.951,-2.365,1506.4152751782,2.43691,637663.0,,29.6328608739429,
Bhutan,BTN,2004,14,0.593,0.635,0.13,0.51,0.102,0.165,0.203,0.0,0.49,0.0,0.197,0.0,-1.426,-1.951,-2.365,1552.73915195801,3.15698,650544.0,,30.2914018195132,
Bhutan,BTN,2005,14,0.593,0.635,0.131,0.51,0.103,0.164,0.206,0.0,0.503,0.0,0.199,0.0,-1.426,-1.315,-2.365,1632.02169500573,3.84711,661865.0,43.8849105834961,30.9379917831613,
Bhutan,BTN,2006,14,0.593,0.635,0.132,0.51,0.11,0.168,0.221,0.0,0.566,0.0,0.203,0.0,-1.426,-1.315,-2.767,1701.11878173586,4.51832,670799.0,46.4304084777832,31.5664945864425,
Bhutan,BTN,2007,14,0.653,0.635,0.143,0.51,0.137,0.175,0.274,0.0,0.614,0.0,0.211,0.0,-1.426,-1.315,-2.767,1952.25734603779,5.92,678641.0,50.2249412536621,32.1738216649326,54.87
Bhutan,BTN,2008,14,0.747,0.639,0.314,0.639,0.502,0.44,0.724,0.02,0.74,0.658,0.422,3.0,-1.384,-0.861,-1.66,2017.76018913403,6.55,686351.0,53.5040893554688,32.76371954591,79.45
Bhutan,BTN,2009,14,0.756,0.639,0.366,0.639,0.602,0.508,0.808,0.02,0.761,0.85,0.484,3.0,-1.384,-0.861,-1.66,2148.56480375034,7.17,693988.0,58.5537414550781,33.3396804958817,79.45
Bhutan,BTN,2010,14,0.752,0.663,0.367,0.67,0.601,0.508,0.807,0.02,0.761,0.85,0.487,3.0,-1.189,-0.861,-1.477,2378.72810760985,13.6,701632.0,62.9354400634766,33.9051967813552,79.45
Bhutan,BTN,2011,14,0.752,0.663,0.37,0.67,0.601,0.508,0.807,0.02,0.761,0.85,0.487,3.0,-1.189,-0.861,-1.477,2552.48871073094,14.4,709377.0,66.9861221313477,34.4637606688377,79.45
Bhutan,BTN,2012,14,0.752,0.647,0.373,0.67,0.605,0.513,0.809,0.02,0.77,0.85,0.49,3.0,-1.189,-0.861,-1.477,2654.74798946027,15.6,717279.0,72.1302185058594,35.0188644248365,79.45
Bhutan,BTN,2013,14,0.809,0.678,0.364,0.927,0.58,0.486,0.793,0.02,0.704,0.848,0.473,2.0,-1.28,-0.861,-1.306,2671.07460201171,22.4,725273.0,76.680793762207,35.5740003158589,66.13
Bhutan,BTN,2014,14,0.809,0.678,0.361,0.927,0.573,0.481,0.789,0.02,0.702,0.844,0.469,2.0,-1.196,-0.861,-1.306,2797.81883971908,30.3,733139.0,84.1404190063477,36.1326606084122,66.13
Bhutan,BTN,2015,14,0.809,0.678,0.358,0.927,0.572,0.481,0.789,0.02,0.701,0.844,0.468,2.0,-1.196,-0.861,-1.306,2954.04081911097,39.8,740618.0,85.2313079833984,36.6983375690037,66.13
Bhutan,BTN,2016,14,0.793,0.687,0.354,0.927,0.563,0.477,0.783,0.02,0.66,0.844,0.474,2.0,-1.196,-0.861,-1.306,3173.36773217431,46.5,747866.0,85.6766128540039,37.2745234641407,66.13
Bhutan,BTN,2017,14,0.804,0.705,0.369,0.927,0.578,0.485,0.791,0.02,0.684,0.844,0.486,2.0,-1.196,-0.861,-1.009,3211.80903275593,54.3,754335.0,86.5600433349609,37.8645544995016,66.13
Bhutan,BTN,2018,14,0.773,0.72,0.368,0.927,0.585,0.498,0.797,0.02,0.686,0.858,0.487,2.0,-1.267,-0.861,-1.009,3300.55006461736,63.5,759759.0,87.5722870683987,38.4661892776975,71.46
Bhutan,BTN,2019,14,0.783,0.734,0.381,0.744,0.601,0.522,0.807,0.02,0.711,0.877,0.502,2.0,-1.189,-0.861,-1.323,3467.38598979356,74.1794,764824.0,90.6185575459377,39.0746823405146,71.46
Bhutan,BTN,2020,14,0.79,0.685,0.381,0.805,0.6,0.518,0.807,0.02,0.759,0.858,0.511,2.0,-1.189,-0.861,-1.323,3092.12428399363,76.8508,770006.0,89.7711428873908,39.6888839873439,71.46
Bhutan,BTN,2021,14,0.811,0.64,0.376,1.07,0.58,0.49,0.795,0.02,0.727,0.866,0.491,3.0,-1.189,-0.861,-0.519,3206.20366997254,85.6369,775442.0,92.5248380307052,40.3075199874379,71.46
Bhutan,BTN,2022,14,0.795,0.686,0.358,1.07,0.562,0.47,0.784,0.02,0.694,0.866,0.474,3.0,-1.189,-0.861,-0.519,3349.73309632799,86.2903,780914.0,89.9829129407455,40.9365143617581,71.46
Bhutan,BTN,2023,14,0.742,0.686,0.34,1.07,0.54,0.453,0.776,0.02,0.717,0.867,0.465,3.0,-1.189,-1.071,-0.519,3480.51388574877,88.426,786385.0,86.8564415582911,41.7352457989939,63.0
Bhutan,BTN,2024,14,0.657,0.745,0.344,0.817,0.561,0.454,0.784,0.02,0.709,0.857,0.469,2.0,-0.904,-0.911,0.307,,,791524.0,86.1810001963554,42.5645249803412,65.6
Cambodia,KHM,2000,13,0.473,0.537,0.122,0.63,0.319,0.124,0.576,0.0,0.461,0.246,0.115,1.0,-0.834,-0.479,-0.763,598.561915252147,0.0470226,12462336.0,18.1284408569336,18.6242216655572,
Cambodia,KHM,2001,13,0.473,0.537,0.122,0.63,0.319,0.124,0.574,0.0,0.462,0.246,0.115,1.0,-0.834,-0.479,-0.763,632.833573980849,0.0769561,12658484.0,20.176570892334,18.7186818716995,
Cambodia,KHM,2002,13,0.473,0.54,0.131,0.63,0.319,0.124,0.575,0.0,0.462,0.246,0.115,1.0,-0.834,-0.479,-0.763,662.188341283454,0.226983,12855241.0,23.8959407806396,18.803641734126,
Cambodia,KHM,2003,13,0.473,0.54,0.132,0.63,0.322,0.125,0.578,0.0,0.462,0.263,0.116,1.0,-0.834,-0.479,-0.763,719.333494240509,0.26057,13050968.0,27.8392200469971,18.8881765274479,83.22
Cambodia,KHM,2004,13,0.473,0.54,0.132,0.63,0.324,0.125,0.578,0.0,0.442,0.285,0.116,1.0,-0.834,-0.479,-0.763,775.847139030978,0.300437,13244731.0,30.9775104522705,18.9813615262763,83.22
Cambodia,KHM,2005,13,0.473,0.54,0.132,0.63,0.322,0.123,0.577,0.0,0.442,0.274,0.116,1.0,-0.834,-0.479,-0.763,866.340290123209,0.317322,13439202.0,,19.0922720052225,83.22
Cambodia,KHM,2006,13,0.473,0.54,0.13,0.63,0.322,0.123,0.577,0.0,0.442,0.274,0.116,1.0,-0.834,-0.479,-0.763,947.065220050691,0.468357,13639028.0,39.1435394287109,19.2299832388976,83.22
Cambodia,KHM,2007,13,0.473,0.519,0.132,0.63,0.319,0.122,0.572,0.0,0.442,0.274,0.116,1.0,-0.834,-0.479,-0.763,1030.23117620792,0.49,13841770.0,41.7365608215332,19.4035705019128,83.22
Cambodia,KHM,2008,13,0.473,0.519,0.132,0.63,0.316,0.12,0.569,0.0,0.436,0.27,0.112,1.0,-0.834,-0.479,-0.763,1090.57475806147,0.51,14053479.0,44.2504997253418,19.6574509865325,75.21
Cambodia,KHM,2009,13,0.473,0.519,0.131,0.63,0.314,0.119,0.567,0.0,0.435,0.268,0.114,1.0,-0.834,-0.479,-0.763,1117.25834194514,0.53,14276810.0,,20.1979728726519,75.21
Cambodia,KHM,2010,13,0.473,0.494,0.129,0.63,0.307,0.117,0.557,0.0,0.432,0.26,0.111,1.0,-0.834,-0.479,-0.591,1155.85236856699,1.26,14500726.0,,21.1232251168762,75.21
Cambodia,KHM,2011,13,0.473,0.494,0.129,0.63,0.307,0.117,0.557,0.0,0.432,0.26,0.111,1.0,-0.834,-0.479,-0.591,1221.38839852454,3.1,14722584.0,,22.3824788531276,75.21
Cambodia,KHM,2012,13,0.479,0.476,0.131,0.63,0.306,0.117,0.557,0.0,0.422,0.26,0.111,1.0,-0.834,-0.729,-0.591,1295.25271477893,4.94,14945085.0,,23.9411047582349,75.21
Cambodia,KHM,2013,13,0.443,0.475,0.128,0.613,0.298,0.114,0.544,0.0,0.387,0.281,0.11,1.0,-1.231,-1.17,-1.306,1376.29557595926,6.0,15170208.0,,25.7644735090271,68.49
Cambodia,KHM,2014,13,0.443,0.446,0.128,0.613,0.295,0.112,0.54,0.0,0.366,0.292,0.11,1.0,-1.231,-1.17,-1.306,1464.53115866927,14.0,15396772.0,,27.8179557823331,68.49
Cambodia,KHM,2015,13,0.399,0.446,0.124,0.613,0.293,0.114,0.538,0.0,0.36,0.292,0.11,1.0,-1.231,-1.17,-1.306,1547.32010444393,6.43319,15623251.0,,30.0669222549819,68.49
Cambodia,KHM,2016,13,0.374,0.333,0.114,0.613,0.28,0.103,0.521,0.0,0.322,0.278,0.105,1.0,-1.231,-1.243,-1.318,1645.46671578126,32.3985,15852803.0,,32.4767436038024,68.49
Cambodia,KHM,2017,13,0.412,0.285,0.101,0.702,0.234,0.079,0.451,0.0,0.225,0.29,0.088,1.0,-1.38,-1.243,-1.318,1753.93530504662,32.9003,16073372.0,48.9424458707368,35.0127905056235,68.49
Cambodia,KHM,2018,13,0.366,0.24,0.088,0.422,0.211,0.072,0.414,0.0,0.191,0.205,0.083,1.0,-1.38,-1.324,-1.318,1884.28374817086,,16274522.0,50.199099715459,37.6404336372742,83.02
Cambodia,KHM,2019,13,0.366,0.24,0.084,0.422,0.195,0.067,0.386,0.0,0.176,0.13,0.086,1.0,-1.501,-0.799,-1.318,2008.32094006706,52.3059,16481304.0,49.7344518908574,39.5830241256026,83.02
Cambodia,KHM,2020,13,0.424,0.256,0.087,0.805,0.192,0.065,0.38,0.0,0.171,0.136,0.085,1.0,-1.324,-0.799,-1.713,1908.63427518336,53.6508,16725474.0,51.8196983337402,39.832658030922,83.02
Cambodia,KHM,2021,13,0.342,0.227,0.08,0.691,0.192,0.064,0.38,0.0,0.181,0.124,0.079,1.0,-2.23,-0.799,-1.713,1938.76436741728,57.9592,16974305.0,54.2809323078227,40.1091858128847,83.02
Cambodia,KHM,2022,13,0.315,0.247,0.079,0.691,0.199,0.062,0.392,0.0,0.2,0.124,0.087,1.0,-2.161,-0.68,-1.713,2011.27433313262,59.6606,17201724.0,55.1346812645406,40.374616187368,83.02
Cambodia,KHM,2023,13,0.315,0.247,0.077,0.691,0.19,0.054,0.375,0.0,0.165,0.106,0.08,1.0,-2.161,-0.68,-1.713,2085.05748462122,60.7171,17423880.0,56.7864734981041,40.6290788072508,84.59
Cambodia,KHM,2024,13,0.315,0.247,0.077,0.691,0.186,0.056,0.369,0.0,0.156,0.099,0.076,1.0,-2.374,-0.68,-1.713,2182.71843902341,,17638801.0,58.7893230437643,40.8727033252729,84.59
China,CHN,2000,12,0.345,0.174,0.041,-0.687,0.101,0.066,0.202,0.0,0.233,0.0,0.107,0.0,-2.482,-2.219,-1.667,2237.44298500334,1.77591,1262645000.0,59.4924812316895,36.4320234662299,
China,CHN,2001,12,0.345,0.174,0.041,-0.687,0.101,0.068,0.202,0.0,0.234,0.0,0.107,0.0,-2.482,-2.219,-1.667,2405.89396743215,2.63965,1271850000.0,62.2098388671875,37.6597442626953,
China,CHN,2002,12,0.366,0.191,0.043,-0.687,0.102,0.071,0.204,0.0,0.244,0.0,0.109,0.0,-2.482,-2.219,-1.667,2610.72960252379,4.5957,1280400000.0,62.8378982543945,39.0897827148438,
China,CHN,2003,12,0.477,0.224,0.053,0.327,0.102,0.071,0.205,0.0,0.244,0.0,0.11,0.0,-2.482,-2.219,-1.667,2857.0373538115,6.2,1288400000.0,64.0541305541992,40.5302314758301,
China,CHN,2004,12,0.477,0.224,0.052,0.327,0.103,0.071,0.205,0.0,0.249,0.0,0.108,0.0,-2.482,-2.219,-1.667,3127.86276523632,7.3,1296075000.0,,41.7600135803223,
China,CHN,2005,12,0.46,0.216,0.05,-0.71,0.094,0.055,0.188,0.0,0.183,0.0,0.105,0.0,-2.482,-2.333,-1.667,3465.81734409951,8.52326,1303720000.0,,42.9899978637695,
China,CHN,2006,12,0.46,0.216,0.05,-0.71,0.094,0.054,0.188,0.0,0.183,0.0,0.105,0.0,-2.653,-2.333,-1.667,3883.35412942474,10.5232,1311020000.0,74.0575637817383,44.3430099487305,
China,CHN,2007,12,0.46,0.216,0.05,-0.71,0.094,0.054,0.188,0.0,0.186,0.0,0.103,0.0,-2.653,-2.333,-1.667,4409.75700836878,16.0,1317885000.0,78.1607131958008,45.8892440795898,
China,CHN,2008,12,0.451,0.229,0.049,-0.71,0.095,0.055,0.189,0.0,0.185,0.0,0.105,0.0,-2.653,-2.333,-1.667,4811.47471804961,22.6,1324655000.0,82.6792526245117,46.9895057678223,
China,CHN,2009,12,0.451,0.229,0.05,-0.71,0.094,0.055,0.188,0.0,0.183,0.0,0.108,0.0,-2.653,-2.333,-1.667,5237.76666540352,28.9,1331260000.0,88.2874984741211,48.3417053222656,
China,CHN,2010,12,0.425,0.221,0.046,-0.785,0.094,0.054,0.188,0.0,0.182,0.0,0.103,0.0,-2.653,-2.333,-1.667,5764.86534987407,34.3,1337705000.0,90.7829173331445,49.2340270628041,
China,CHN,2011,12,0.425,0.221,0.047,-0.785,0.094,0.053,0.188,0.0,0.18,0.0,0.106,0.0,-2.653,-2.333,-1.667,6275.90956436258,38.3,1345035000.0,92.0329425203903,51.8300285339355,
China,CHN,2012,12,0.438,0.221,0.048,-0.785,0.094,0.054,0.187,0.0,0.181,0.0,0.106,0.0,-2.653,-2.333,-1.667,6723.19443752823,42.3001,1354190000.0,92.2603063015232,53.1003112792969,
China,CHN,2013,12,0.373,0.159,0.042,-1.161,0.086,0.052,0.173,0.0,0.133,0.0,0.099,0.0,-2.653,-2.308,-1.667,7198.06876478162,45.8,1363240000.0,,54.4900016784668,
China,CHN,2014,12,0.373,0.159,0.041,-1.161,0.084,0.051,0.169,0.0,0.119,0.0,0.092,0.0,-2.653,-2.308,-1.667,7686.57792954381,47.9,1371860000.0,,55.7502555847168,
China,CHN,2015,12,0.347,0.12,0.039,-1.332,0.082,0.051,0.163,0.0,0.102,0.0,0.097,0.0,-2.653,-2.308,-1.667,8175.33285077393,50.3,1379860000.0,,57.3297843933105,
China,CHN,2016,12,0.344,0.104,0.038,-1.332,0.08,0.049,0.159,0.0,0.089,0.0,0.1,0.0,-2.774,-2.308,-1.667,8679.37704460133,53.2,1387790000.0,,58.8399238586426,
China,CHN,2017,12,0.338,0.105,0.039,-1.408,0.078,0.048,0.156,0.0,0.072,0.0,0.097,0.0,-2.774,-2.308,-1.667,9221.51403820573,54.3,1396215000.0,,60.2402687072754,
China,CHN,2018,12,0.325,0.098,0.038,-1.597,0.077,0.048,0.154,0.0,0.062,0.0,0.093,0.0,-2.774,-2.308,-1.667,9798.6528523316,59.2,1402760000.0,,61.5001983642578,
China,CHN,2019,12,0.324,0.076,0.036,-1.597,0.075,0.045,0.15,0.0,0.053,0.0,0.093,0.0,-2.987,-2.449,-1.667,10356.4804194995,64.0809,1407745000.0,,62.7099151611328,
China,CHN,2020,12,0.322,0.075,0.037,-1.524,0.075,0.041,0.151,0.0,0.059,0.0,0.09,0.0,-2.987,-2.663,-1.911,10573.6420059282,70.0528,1411100000.0,,63.5234230266258,
China,CHN,2021,12,0.302,0.08,0.036,-1.536,0.077,0.041,0.153,0.0,0.059,0.0,0.091,0.0,-2.969,-2.626,-1.979,11469.5707134928,73.0532,1412360000.0,,64.721076965332,
China,CHN,2022,12,0.297,0.048,0.037,-1.536,0.075,0.042,0.15,0.0,0.052,0.0,0.082,0.0,-2.969,-2.526,-1.979,11830.5983703496,75.6113,1412175000.0,,65.2176361083984,
China,CHN,2023,12,0.259,0.03,0.033,-1.919,0.074,0.036,0.147,0.0,0.048,0.0,0.082,0.0,-2.969,-2.761,-1.979,12484.1578844175,90.6,1410710000.0,,65.5301448035523,
China,CHN,2024,12,0.227,0.025,0.03,-1.919,0.073,0.036,0.146,0.0,0.044,0.0,0.082,0.0,-2.596,-2.967,-1.979,13121.6769905565,92.0,1408975000.0,,65.8946980998325,
Hong Kong,HKG,2000,12,0.774,0.778,0.143,1.053,0.372,0.322,0.745,0.0,0.853,0.825,0.329,0.0,0.174,1.544,0.896,26933.2377453994,27.8278,6665000.0,,100.0,
Hong Kong,HKG,2001,12,0.774,0.778,0.143,1.053,0.372,0.323,0.744,0.0,0.853,0.823,0.329,0.0,0.174,1.544,0.896,26885.4284833926,38.6714,6714300.0,78.5696563720703,100.0,
Hong Kong,HKG,2002,12,0.774,0.778,0.143,1.053,0.372,0.323,0.744,0.0,0.853,0.823,0.329,0.0,0.174,1.544,0.896,27210.0693480769,43.0824,6744100.0,79.9700393676758,100.0,
Hong Kong,HKG,2003,12,0.835,0.809,0.149,1.814,0.372,0.322,0.744,0.0,0.853,0.823,0.329,0.0,0.174,1.544,0.896,28097.108881817,52.2,6730800.0,80.1741027832031,100.0,
Hong Kong,HKG,2004,12,0.79,0.786,0.144,1.256,0.371,0.321,0.743,0.0,0.853,0.817,0.329,0.0,0.174,1.544,0.896,30304.3126863152,56.3999,6783500.0,81.7347793579102,100.0,
Hong Kong,HKG,2005,12,0.79,0.786,0.143,1.256,0.369,0.32,0.739,0.0,0.853,0.802,0.321,0.0,0.174,1.544,0.861,32401.3907659685,56.9,6813200.0,83.003662109375,100.0,
Hong Kong,HKG,2006,12,0.79,0.786,0.143,1.256,0.369,0.32,0.739,0.0,0.853,0.802,0.321,0.0,0.174,1.544,0.861,34458.0498746756,60.8,6857100.0,83.1464614868164,100.0,
Hong Kong,HKG,2007,12,0.79,0.786,0.144,1.256,0.37,0.32,0.739,0.0,0.851,0.799,0.324,0.0,0.174,1.544,0.861,36371.6859370268,64.8,6916300.0,84.0665588378906,100.0,
Hong Kong,HKG,2008,12,0.79,0.786,0.144,1.256,0.371,0.321,0.741,0.0,0.844,0.812,0.324,0.0,0.174,1.544,0.861,36924.0883854556,66.7,6957800.0,85.7025909423828,100.0,
Hong Kong,HKG,2009,12,0.79,0.781,0.145,1.256,0.373,0.323,0.746,0.0,0.841,0.839,0.326,0.0,0.174,1.544,0.861,35938.5902369431,69.4,6972800.0,86.5672225952148,100.0,
Hong Kong,HKG,2010,12,0.79,0.797,0.145,1.256,0.373,0.321,0.746,0.0,0.843,0.839,0.324,0.0,0.174,1.544,0.498,38090.0213994329,72.0,7024200.0,87.9053960567278,100.0,
Hong Kong,HKG,2011,12,0.793,0.797,0.144,1.256,0.371,0.321,0.742,0.0,0.843,0.831,0.322,0.0,0.174,1.544,0.498,39656.3392885062,72.2,7071600.0,86.9782026085403,100.0,
Hong Kong,HKG,2012,12,0.774,0.75,0.139,1.256,0.364,0.316,0.728,0.0,0.808,0.827,0.315,0.0,0.174,1.544,0.498,39887.8339456509,72.9,7150100.0,108.257447754558,100.0,
Hong Kong,HKG,2013,12,0.768,0.709,0.139,1.256,0.361,0.312,0.723,0.0,0.795,0.817,0.314,0.0,0.174,1.544,0.498,40959.9813033996,74.2,7178900.0,102.779391100703,100.0,
Hong Kong,HKG,2014,12,0.768,0.703,0.138,1.256,0.359,0.309,0.717,0.0,0.789,0.817,0.311,0.0,0.174,1.544,0.498,41796.8681867763,79.8663,7229500.0,105.555217060167,100.0,
Hong Kong,HKG,2015,12,0.733,0.613,0.13,1.092,0.347,0.299,0.694,0.0,0.769,0.811,0.305,0.0,0.174,1.544,-0.038,42432.1619740441,84.9484,7291300.0,107.387782928825,100.0,
Hong Kong,HKG,2016,12,0.733,0.608,0.126,1.092,0.336,0.289,0.671,0.0,0.769,0.78,0.3,0.0,0.174,0.611,-0.038,43087.5455578429,87.4794,7336600.0,107.750724637681,100.0,
Hong Kong,HKG,2017,12,0.733,0.608,0.123,1.092,0.326,0.282,0.651,0.0,0.769,0.715,0.293,0.0,0.174,0.611,-0.038,44380.8100340362,89.4159,7393200.0,106.78970984146,100.0,
Hong Kong,HKG,2018,12,0.705,0.53,0.119,0.795,0.321,0.274,0.641,0.0,0.757,0.715,0.292,0.0,0.174,0.611,-0.038,45280.5079891951,90.5074,7452600.0,108.16398016119,100.0,
Hong Kong,HKG,2019,12,0.706,0.476,0.113,1.153,0.301,0.264,0.602,0.0,0.674,0.705,0.283,0.0,0.174,0.611,-0.038,44195.2768644431,91.7434,7507900.0,105.068965517241,100.0,
Hong Kong,HKG,2020,12,0.595,0.339,0.093,0.647,0.269,0.207,0.539,0.0,0.524,0.688,0.258,0.0,-0.5,-0.003,-1.691,41451.2981131333,92.4131,7481000.0,100.449691991786,100.0,
Hong Kong,HKG,2021,12,0.459,0.233,0.066,0.012,0.212,0.163,0.424,0.0,0.257,0.659,0.234,0.0,-0.908,-0.486,-2.129,44530.9262090583,93.0872,7413100.0,100.161026837806,100.0,
Hong Kong,HKG,2022,12,0.426,0.229,0.054,-0.198,0.162,0.136,0.325,0.0,0.237,0.333,0.218,0.0,-0.908,-0.702,-2.424,43281.6852291306,95.6136,7346100.0,106.185208398621,100.0,
Hong Kong,HKG,2023,12,0.398,0.211,0.05,-0.514,0.154,0.124,0.309,0.0,0.231,0.279,0.216,0.0,-0.908,-0.702,-2.424,43550.6298747786,95.9778,7536100.0,,100.0,
Hong Kong,HKG,2024,12,0.418,0.222,0.055,-0.514,0.169,0.133,0.338,0.0,0.336,0.301,0.221,0.0,-0.908,-0.868,-2.424,44712.7654725532,,7524100.0,107.160326941213,100.0,
India,IND,2000,14,0.829,0.832,0.478,2.09,0.728,0.581,0.878,0.0,0.888,0.855,0.48,2.0,-0.049,0.848,-0.029,756.704109527449,0.527532,1057922733.0,47.1734390258789,27.6470407512523,
India,IND,2001,14,0.829,0.832,0.478,2.09,0.728,0.581,0.878,0.0,0.888,0.855,0.475,2.0,-0.049,0.848,-0.029,778.507377528365,0.660146,1077898575.0,46.8245811462402,27.9028652096636,
India,IND,2002,14,0.829,0.844,0.48,2.09,0.731,0.581,0.879,0.0,0.888,0.855,0.476,2.0,-0.049,0.848,-0.029,793.615912906381,1.53788,1097600380.0,48.8069381713867,28.1756878910456,
India,IND,2003,14,0.869,0.834,0.487,2.09,0.732,0.582,0.88,0.0,0.894,0.855,0.476,2.0,-0.289,0.788,-0.029,841.278894571674,1.68649,1116803006.0,51.4255714416504,28.4660287698,
India,IND,2004,14,0.833,0.843,0.481,2.09,0.73,0.579,0.878,0.0,0.885,0.848,0.475,2.0,-0.289,0.788,-0.029,892.596614581612,1.97614,1135991513.0,53.247371673584,28.7726067228528,58.07
India,IND,2005,14,0.846,0.769,0.476,2.09,0.72,0.57,0.874,0.0,0.891,0.845,0.46,2.0,-0.289,0.788,-0.029,947.732565646672,2.38807,1154676322.0,55.9314002990723,29.0945497159107,58.07
India,IND,2006,14,0.846,0.769,0.478,2.09,0.722,0.571,0.874,0.0,0.895,0.845,0.46,2.0,-0.289,0.788,-0.029,1008.23275343783,2.8055,1172878890.0,56.7859497070312,29.4309857146804,58.07
India,IND,2007,14,0.845,0.769,0.476,2.09,0.722,0.571,0.874,0.0,0.895,0.845,0.46,2.0,-0.289,0.709,-0.029,1069.24696813025,3.95,1190676021.0,59.1478385925293,29.7810426848684,58.07
India,IND,2008,14,0.845,0.769,0.476,2.09,0.722,0.571,0.874,0.0,0.895,0.845,0.46,2.0,-0.289,0.709,-0.029,1086.50605251513,4.38,1207930964.0,62.2119216918945,30.1438485921815,58.07
India,IND,2009,14,0.845,0.769,0.454,2.09,0.69,0.545,0.857,0.0,0.882,0.768,0.438,2.0,-0.289,0.709,-0.029,1155.10163274172,5.12,1225524753.0,61.3603210449219,30.5185314023263,58.17
India,IND,2010,14,0.845,0.767,0.443,2.09,0.672,0.539,0.848,0.0,0.889,0.731,0.424,2.0,-0.289,0.215,-0.151,1235.15939133951,7.5,1243481564.0,64.9475936889648,30.9042190810094,58.17
India,IND,2011,14,0.842,0.767,0.443,2.09,0.672,0.536,0.848,0.0,0.889,0.731,0.424,2.0,-0.289,0.215,-0.151,1281.61054354933,10.07,1261224954.0,67.1251678466797,31.2746502853309,58.17
India,IND,2012,14,0.846,0.743,0.435,2.15,0.66,0.525,0.841,0.0,0.873,0.731,0.411,2.0,-0.289,0.215,-0.151,1333.09626557668,11.1,1278674502.0,69.8089599609375,31.5898935604399,58.17
India,IND,2013,14,0.84,0.732,0.432,2.15,0.658,0.525,0.839,0.0,0.868,0.726,0.41,2.0,-0.289,0.198,-0.073,1399.4537980287,12.3,1295829511.0,69.4771270751953,31.9096789235237,58.17
India,IND,2014,14,0.698,0.682,0.386,1.454,0.622,0.492,0.818,0.0,0.813,0.698,0.382,2.0,-1.098,-0.388,-0.534,1484.31640682913,13.5,1312277191.0,74.8887023925781,32.2288233408821,66.4
India,IND,2015,14,0.651,0.591,0.333,1.232,0.546,0.422,0.769,0.0,0.666,0.67,0.319,2.0,-1.098,-0.496,-0.405,1583.99815907985,14.9,1328024498.0,74.6113662719727,32.5472990022299,66.4
India,IND,2016,14,0.622,0.559,0.316,1.232,0.526,0.405,0.756,0.0,0.615,0.67,0.307,2.0,-1.098,-0.496,-0.44,1694.46534973825,16.5,1343944296.0,75.9372863769531,32.8650780972823,66.4
India,IND,2017,14,0.641,0.524,0.296,1.232,0.481,0.366,0.724,0.0,0.549,0.641,0.28,1.0,-1.193,-0.496,-0.44,1788.69770318446,18.2,1359657400.0,74.6743774414062,33.1821328157539,66.4
India,IND,2018,14,0.629,0.483,0.29,1.292,0.476,0.36,0.719,0.0,0.54,0.639,0.276,1.0,-1.141,-0.496,-0.44,1883.35772705062,20.0813,1374659064.0,76.0025787353516,33.4984353473598,66.4
India,IND,2019,14,0.63,0.47,0.27,1.521,0.431,0.322,0.681,0.0,0.514,0.537,0.228,1.0,-1.34,-0.785,-0.536,1936.03067741067,29.5235,1389030312.0,75.8716506958008,33.8139578818147,67.4
India,IND,2020,14,0.624,0.397,0.251,1.334,0.394,0.293,0.647,0.0,0.441,0.497,0.222,1.0,-1.483,-1.038,-0.891,1806.50110583878,43.4054,1402617695.0,77.9766433254166,34.1286726088333,67.4
India,IND,2021,14,0.633,0.418,0.256,1.26,0.397,0.31,0.652,0.0,0.462,0.504,0.236,1.0,-1.498,-0.905,-0.483,1965.30943437506,,1414203896.0,80.8355715539317,34.4425517181304,67.4
India,IND,2022,14,0.667,0.418,0.253,1.26,0.388,0.293,0.643,0.0,0.447,0.504,0.219,1.0,-1.507,-0.822,-0.541,2098.2112447615,55.9,1425423212.0,81.6558464317379,34.7555673994206,67.4
India,IND,2023,14,0.598,0.359,0.234,0.698,0.373,0.273,0.628,0.0,0.423,0.498,0.206,1.0,-1.336,-0.758,-0.463,2270.9051808027,,1438069596.0,79.3250397483992,35.0676918424186,67.4
India,IND,2024,14,0.593,0.35,0.248,0.698,0.398,0.291,0.651,0.0,0.493,0.523,0.215,1.0,-0.993,-0.758,-0.463,2396.94999213544,,1450935791.0,78.1058073224606,35.3788972368389,65.79
Indonesia,IDN,2000,13,0.829,0.869,0.389,2.142,0.671,0.501,0.846,0.0,0.847,0.752,0.441,2.0,0.799,1.17,0.122,1828.10265968361,0.925564,216077790.0,55.5976295471191,41.9861540600656,
Indonesia,IDN,2001,13,0.829,0.869,0.428,2.142,0.671,0.501,0.846,0.0,0.847,0.752,0.441,2.0,0.799,1.17,0.122,1868.59172307292,2.01861,219097902.0,56.2273216247559,42.9018895186157,
Indonesia,IDN,2002,13,0.829,0.869,0.428,2.142,0.671,0.512,0.846,0.0,0.847,0.752,0.444,2.0,0.799,1.17,0.122,1926.37435868149,2.13414,222088495.0,57.646598815918,43.7824069030376,
Indonesia,IDN,2003,13,0.829,0.869,0.428,2.142,0.671,0.513,0.846,0.0,0.847,0.752,0.444,2.0,0.799,1.17,0.122,1991.91820506473,2.38702,225048008.0,60.7244682312012,44.6301761521872,
Indonesia,IDN,2004,13,0.829,0.869,0.45,2.142,0.696,0.535,0.86,0.0,0.843,0.823,0.463,2.0,0.579,1.17,-0.136,2065.70617470842,2.60029,227926649.0,62.9758682250977,45.4476736441888,84.09
Indonesia,IDN,2005,13,0.829,0.869,0.462,2.142,0.707,0.537,0.866,0.0,0.843,0.847,0.459,2.0,0.579,1.17,-0.136,2155.4478015921,3.60202,230871650.0,61.6382789611816,46.2373757571669,84.09
Indonesia,IDN,2006,13,0.829,0.869,0.463,2.142,0.707,0.54,0.866,0.0,0.843,0.847,0.456,2.0,0.579,1.17,-0.136,2244.0802226202,4.76481,233951652.0,64.6422119140625,47.0017588692457,84.09
Indonesia,IDN,2007,13,0.829,0.869,0.462,2.142,0.709,0.543,0.867,0.0,0.843,0.846,0.458,2.0,0.579,1.17,-0.136,2355.1528565328,5.78627,237062337.0,71.8545074462891,47.7432993585496,84.09
Indonesia,IDN,2008,13,0.833,0.871,0.468,2.318,0.711,0.546,0.868,0.0,0.844,0.844,0.463,2.0,0.579,1.17,-0.136,2464.60193418272,7.91748,240157903.0,70.1684417724609,48.4644736032029,84.09
Indonesia,IDN,2009,13,0.841,0.871,0.453,2.318,0.69,0.528,0.856,0.0,0.844,0.801,0.448,2.0,0.579,1.17,-0.136,2546.21969707767,6.92,243220028.0,74.5035934448242,49.16775798133,70.99
Indonesia,IDN,2010,13,0.842,0.871,0.45,2.318,0.688,0.542,0.855,0.0,0.858,0.785,0.447,2.0,0.579,1.17,-0.136,2670.8129098953,10.92,246305322.0,75.6519088745117,49.8521375148888,70.99
Indonesia,IDN,2011,13,0.842,0.871,0.45,2.318,0.688,0.538,0.855,0.0,0.858,0.785,0.444,2.0,0.579,1.17,-0.136,2799.62468790318,12.28,249470032.0,78.1330718994141,50.4830017089844,70.99
Indonesia,IDN,2012,13,0.842,0.871,0.453,2.318,0.689,0.538,0.856,0.0,0.858,0.794,0.445,2.0,0.481,1.17,-0.136,2930.518445323,14.52,252698525.0,80.0926818847656,51.1593933105469,70.99
Indonesia,IDN,2013,13,0.907,0.866,0.458,2.69,0.678,0.523,0.85,0.0,0.828,0.79,0.429,2.0,0.117,0.948,-0.136,3055.24246006469,14.94,255852467.0,81.8896974781343,51.8307495117188,70.99
Indonesia,IDN,2014,13,0.91,0.866,0.449,2.69,0.665,0.517,0.842,0.0,0.823,0.767,0.423,2.0,0.117,0.582,-0.136,3170.72103011429,17.1432,258877399.0,83.5559949258569,52.5002136230469,74.53
Indonesia,IDN,2015,13,0.905,0.866,0.442,2.69,0.654,0.511,0.836,0.0,0.848,0.758,0.417,2.0,0.117,0.582,-0.136,3288.22269725538,22.0627,261799249.0,87.8423207929976,53.1720771789551,74.53
Indonesia,IDN,2016,13,0.905,0.857,0.433,2.69,0.645,0.5,0.831,0.0,0.838,0.758,0.41,2.0,0.117,0.106,-0.136,3416.81005170972,25.4474,264627418.0,87.8191791728036,53.812557220459,74.53
Indonesia,IDN,2017,13,0.877,0.795,0.418,2.281,0.628,0.486,0.821,0.0,0.826,0.757,0.4,2.0,0.117,0.106,-0.136,3553.51999262321,32.3358,267346658.0,90.9455391241064,54.4541015625,74.53
Indonesia,IDN,2018,13,0.89,0.779,0.404,2.518,0.603,0.464,0.805,0.0,0.764,0.757,0.38,2.0,0.117,0.106,-0.136,3701.32155461912,39.9046,269951846.0,92.8120739600443,55.0956840515137,74.53
Indonesia,IDN,2019,13,0.847,0.78,0.399,2.518,0.602,0.462,0.806,0.0,0.808,0.72,0.366,2.0,0.117,0.325,0.488,3850.90321738979,47.6906,272489381.0,94.9467044891028,55.7382049560547,83.86
Indonesia,IDN,2020,13,0.877,0.78,0.377,2.518,0.574,0.415,0.787,0.0,0.774,0.705,0.307,2.0,0.182,0.325,0.488,3739.44906563161,53.7265,274814866.0,96.9345779132931,56.2785287648768,83.86
Indonesia,IDN,2021,13,0.852,0.762,0.359,2.518,0.551,0.4,0.772,0.0,0.748,0.674,0.297,2.0,0.182,0.325,0.488,3850.68877253903,62.1045,276758053.0,97.8441479813619,56.8761702464027,83.86
Indonesia,IDN,2022,13,0.878,0.803,0.372,2.518,0.557,0.393,0.776,0.0,0.771,0.656,0.306,2.0,0.272,-0.237,0.488,4024.91225288391,66.4846,278830529.0,97.8167602714893,57.4934704226599,83.86
Indonesia,IDN,2023,13,0.817,0.812,0.351,1.709,0.538,0.356,0.763,0.0,0.709,0.649,0.295,2.0,0.246,0.499,0.488,4192.65167890692,69.2084,281190067.0,96.0002120295081,58.1179353397878,83.86
Indonesia,IDN,2024,13,0.795,0.812,0.318,1.709,0.483,0.326,0.726,0.0,0.721,0.517,0.299,1.0,0.696,0.114,0.488,4367.86266621191,72.7808,283487931.0,98.836444459078,58.7509635387997,81.42
Japan,JPN,2000,12,0.739,0.88,0.555,0.718,0.845,0.77,0.934,0.02,0.924,0.921,0.764,3.0,0.912,1.242,1.28,31430.631130325,29.9907,126843000.0,,78.6126803295375,60.62
Japan,JPN,2001,12,0.739,0.88,0.556,0.718,0.845,0.77,0.934,0.02,0.924,0.92,0.766,3.0,0.912,1.242,1.28,31476.0520665746,38.5321,127149000.0,,79.1577482060887,60.62
Japan,JPN,2002,12,0.739,0.88,0.556,0.718,0.845,0.77,0.934,0.02,0.924,0.92,0.766,3.0,0.912,1.242,1.28,31416.1241772309,46.5942,127445000.0,,80.5469860733981,60.62
Japan,JPN,2003,12,0.739,0.88,0.556,0.718,0.845,0.77,0.934,0.02,0.924,0.921,0.766,3.0,0.912,1.242,1.28,31830.217584972,48.4353,127718000.0,,82.4206778416671,59.8
Japan,JPN,2004,12,0.739,0.88,0.556,0.718,0.845,0.77,0.934,0.02,0.924,0.923,0.767,3.0,0.912,1.242,1.28,32515.1158024695,62.3939,127761000.0,,84.3710541898905,59.8
Japan,JPN,2005,12,0.739,0.88,0.559,0.718,0.847,0.772,0.935,0.02,0.924,0.927,0.769,3.0,0.912,1.242,1.28,33098.5474664881,66.9211,127773000.0,,85.9573620483714,67.46
Japan,JPN,2006,12,0.739,0.88,0.562,0.718,0.852,0.777,0.937,0.02,0.924,0.934,0.773,3.0,0.912,1.242,1.28,33531.518563066,68.6853,127854000.0,,87.1460898958075,67.46
Japan,JPN,2007,12,0.739,0.88,0.562,0.718,0.852,0.777,0.937,0.02,0.924,0.934,0.773,3.0,0.912,1.242,1.28,33990.0360341367,74.3,128001000.0,,88.2701404492656,67.46
Japan,JPN,2008,12,0.739,0.881,0.563,0.718,0.857,0.781,0.939,0.02,0.924,0.934,0.776,3.0,0.912,1.242,1.28,33557.6454041595,75.4,128063000.0,,89.2921563808851,67.46
Japan,JPN,2009,12,0.742,0.891,0.567,0.718,0.859,0.785,0.94,0.02,0.928,0.934,0.781,3.0,0.912,1.242,1.28,31651.0837739562,78.0,128047000.0,,90.1131158718189,69.27
Japan,JPN,2010,12,0.742,0.891,0.566,0.718,0.857,0.783,0.939,0.02,0.928,0.933,0.781,3.0,0.912,1.345,1.28,32942.2020783835,78.21,128070000.0,,90.6228586840649,69.27
Japan,JPN,2011,12,0.742,0.891,0.566,0.718,0.857,0.783,0.939,0.02,0.928,0.933,0.781,3.0,0.782,1.345,1.28,33011.1342301291,79.0541,127833000.0,,90.8631654434251,69.27
Japan,JPN,2012,12,0.753,0.88,0.564,0.718,0.85,0.776,0.936,0.02,0.926,0.933,0.774,3.0,0.782,1.345,1.28,33518.4449368599,79.4964,127629000.0,,91.0265277326652,59.32
Japan,JPN,2013,12,0.727,0.88,0.537,0.718,0.823,0.749,0.924,0.02,0.871,0.931,0.746,3.0,0.782,1.345,1.28,34239.8862473488,88.2194,127445000.0,101.781173706055,91.1516595654317,59.32
Japan,JPN,2014,12,0.727,0.88,0.537,0.718,0.823,0.747,0.924,0.02,0.871,0.931,0.746,3.0,1.395,1.663,1.28,34386.9058552671,89.1068,127276000.0,101.813980102539,91.2548945132333,52.66
Japan,JPN,2015,12,0.71,0.891,0.533,0.629,0.825,0.748,0.925,0.02,0.871,0.931,0.748,3.0,1.395,1.663,1.28,34960.6393843385,91.058,127141000.0,102.200416564941,91.3532644103625,52.66
Japan,JPN,2016,12,0.71,0.891,0.533,0.629,0.825,0.748,0.925,0.02,0.871,0.931,0.749,3.0,1.395,1.663,1.28,35242.199377148,93.1827,127076000.0,101.167999267578,91.4541254852142,52.66
Japan,JPN,2017,12,0.734,0.891,0.538,0.629,0.823,0.747,0.924,0.02,0.871,0.933,0.743,3.0,1.395,1.663,1.28,35861.9728545672,91.7265,126972000.0,101.882888793945,91.5498419685883,53.68
Japan,JPN,2018,12,0.702,0.958,0.545,0.474,0.84,0.76,0.932,0.02,0.864,0.946,0.759,3.0,1.395,1.663,1.28,36138.5290824814,88.7464,126811000.0,102.425148010254,91.6377318609728,53.68
Japan,JPN,2019,12,0.697,0.955,0.542,0.42,0.838,0.762,0.931,0.02,0.865,0.946,0.761,3.0,1.721,1.663,1.28,36043.7844013518,92.7304,126633000.0,102.670066833496,91.7164207898107,53.68
Japan,JPN,2020,12,0.696,0.955,0.541,0.42,0.836,0.748,0.93,0.02,0.866,0.943,0.767,3.0,1.721,1.663,1.28,34642.9718743239,90.2195,126261000.0,102.844802856445,91.7809926267889,53.68
Japan,JPN,2021,12,0.674,0.955,0.529,0.42,0.827,0.738,0.926,0.02,0.848,0.943,0.757,3.0,1.721,1.663,1.28,35741.1601062924,82.9141,125681593.0,102.155380249023,91.8741049279527,55.97
Japan,JPN,2022,12,0.675,0.955,0.528,0.42,0.823,0.738,0.924,0.02,0.849,0.938,0.754,3.0,1.721,1.663,1.28,36238.3294895302,84.9234,125124989.0,102.337966918945,91.9776532428406,55.97
Japan,JPN,2023,12,0.69,0.955,0.535,0.42,0.828,0.742,0.926,0.02,0.855,0.938,0.759,3.0,1.721,1.663,1.28,36952.5150709861,86.9815,124516650.0,102.344436645508,92.0826903891473,55.97
Japan,JPN,2024,12,0.683,0.955,0.526,0.42,0.82,0.734,0.923,0.02,0.849,0.934,0.751,3.0,1.721,1.663,1.279,37152.5636003552,,123975371.0,,92.1901718034531,53.84
Laos,LAO,2000,13,0.077,0.074,0.091,-2.324,0.087,0.073,0.175,0.0,0.019,0.131,0.106,0.0,-0.787,-0.917,-3.756,917.228038617529,0.111044,5431212.0,33.2670707702637,22.1840964350091,
Laos,LAO,2001,13,0.077,0.074,0.091,-2.324,0.087,0.073,0.175,0.0,0.019,0.131,0.106,0.0,-0.787,-0.917,-3.756,954.123505414634,0.181664,5521482.0,35.1896514892578,23.3728884682287,
Laos,LAO,2002,13,0.077,0.074,0.091,-2.324,0.091,0.074,0.181,0.0,0.019,0.153,0.106,0.0,-0.787,-0.917,-3.756,994.492241963795,0.267899,5610889.0,37.9458808898926,24.5247834668291,99.9
Laos,LAO,2003,13,0.077,0.074,0.091,-2.324,0.091,0.074,0.183,0.0,0.019,0.157,0.106,0.0,-0.787,-0.917,-3.756,1038.71192767783,0.333912,5697945.0,40.6808013916016,25.5945881340707,99.9
Laos,LAO,2004,13,0.091,0.074,0.093,-2.324,0.091,0.074,0.183,0.0,0.019,0.157,0.106,0.0,-0.787,-0.917,-3.756,1088.76034728831,0.361434,5781626.0,42.5078582763672,26.5371091732139,99.9
Laos,LAO,2005,13,0.091,0.074,0.093,-2.324,0.091,0.074,0.183,0.0,0.019,0.157,0.096,0.0,-0.787,-0.917,-3.756,1148.68153852071,0.850357,5869523.0,42.9863014221191,27.3224977292697,99.9
Laos,LAO,2006,13,0.091,0.076,0.092,-2.324,0.091,0.074,0.182,0.0,0.019,0.15,0.095,0.0,-0.787,-0.917,-3.756,1228.08927619923,1.16989,5963200.0,42.2330513000488,28.0378756242097,99.76
Laos,LAO,2007,13,0.091,0.076,0.092,-2.324,0.091,0.074,0.181,0.0,0.019,0.147,0.095,0.0,-0.787,-0.917,-3.756,1301.08597549864,1.64,6056236.0,43.0343399047852,28.7343050001346,99.76
Laos,LAO,2008,13,0.091,0.076,0.092,-2.324,0.091,0.074,0.182,0.0,0.022,0.147,0.095,0.0,-0.787,-0.917,-3.756,1381.73754223953,3.55,6148969.0,44.126880645752,29.4034348148069,99.76
Laos,LAO,2009,13,0.111,0.075,0.094,-2.09,0.091,0.074,0.183,0.0,0.025,0.147,0.095,0.0,-0.787,-0.917,-3.756,1463.3379666846,6.0,6241642.0,45.6930198669434,30.0420311503825,99.76
Laos,LAO,2010,13,0.19,0.129,0.101,-1.325,0.091,0.074,0.182,0.0,0.025,0.145,0.096,0.0,-0.741,-0.917,-3.756,1564.91068311647,7.0,6334194.0,47.3594398498535,30.6468600890172,99.76
Laos,LAO,2011,13,0.19,0.129,0.1,-1.325,0.09,0.074,0.18,0.0,0.025,0.136,0.095,0.0,-0.741,-0.917,-3.756,1666.40086189871,9.0,6426590.0,46.3030907447649,31.2146877128668,99.69
Laos,LAO,2012,13,0.19,0.13,0.1,-1.325,0.09,0.074,0.18,0.0,0.025,0.137,0.095,0.0,-0.741,-0.917,-3.756,1774.63585203672,10.7477,6518978.0,49.0350189208984,31.7422801040872,99.69
Laos,LAO,2013,13,0.17,0.126,0.099,-1.325,0.091,0.074,0.182,0.0,0.03,0.137,0.101,0.0,-0.741,-0.917,-3.756,1890.27861294875,12.5,6611385.0,52.6759359354755,32.2264033448341,99.69
Laos,LAO,2014,13,0.17,0.126,0.099,-1.325,0.091,0.074,0.182,0.0,0.03,0.137,0.101,0.0,-0.741,-0.917,-3.756,2006.31195444447,14.26,6703172.0,58.0247383117676,32.6638235172635,99.69
Laos,LAO,2015,13,0.17,0.126,0.099,-1.325,0.09,0.074,0.181,0.0,0.024,0.137,0.1,0.0,-0.741,-0.917,-3.756,2121.01339097363,18.2,6801645.0,62.2967936554274,33.1240204432199,99.69
Laos,LAO,2016,13,0.17,0.126,0.099,-1.325,0.094,0.075,0.187,0.0,0.024,0.159,0.101,0.0,-0.741,-0.917,-3.756,2234.76098741846,21.87,6908802.0,64.7630026961054,33.8267455533474,97.94
Laos,LAO,2017,13,0.167,0.136,0.105,-1.194,0.125,0.081,0.25,0.0,0.022,0.165,0.104,0.0,-0.789,-0.988,-3.756,2351.57441747595,25.5104,7018147.0,66.0411073482017,34.5115346444216,97.94
Laos,LAO,2018,13,0.223,0.166,0.11,-1.194,0.126,0.078,0.253,0.0,0.021,0.165,0.105,0.0,-0.789,-0.988,-3.756,2459.97874636195,36.3,7128045.0,66.1528570578416,35.2050070032013,97.94
Laos,LAO,2019,13,0.226,0.143,0.103,-1.441,0.127,0.095,0.255,0.0,0.022,0.165,0.116,0.0,-0.789,-0.988,-3.756,2554.95638019245,47.0323,7237636.0,64.986385458831,35.9072880879451,97.94
Laos,LAO,2020,13,0.243,0.151,0.11,-1.303,0.126,0.079,0.253,0.0,0.03,0.162,0.129,0.0,-0.953,-0.819,-3.756,2529.74622698761,54.0,7346533.0,62.4493058083911,36.6185033569111,97.94
Laos,LAO,2021,13,0.303,0.155,0.121,-1.111,0.134,0.094,0.268,0.0,0.04,0.214,0.119,0.0,-0.953,-0.819,-3.756,2556.58912640405,62.0,7453194.0,59.8530595325837,37.338778268357,98.02
Laos,LAO,2022,13,0.239,0.103,0.115,-1.332,0.134,0.103,0.267,0.0,0.027,0.228,0.122,0.0,-0.953,-0.819,-3.756,2589.05015191628,62.7001,7559007.0,56.8782044614964,38.0682382805397,98.02
Laos,LAO,2023,13,0.239,0.103,0.115,-1.332,0.132,0.091,0.264,0.0,0.035,0.211,0.131,0.0,-0.953,-0.819,-3.282,2648.88726608035,63.6255,7664993.0,54.4330611689851,38.8070088517156,98.02
Laos,LAO,2024,13,0.247,0.103,0.116,-1.332,0.134,0.102,0.268,0.0,0.038,0.222,0.127,0.0,-1.2,-0.467,-3.282,2721.07810663082,,7769819.0,51.8523602531839,39.5552154401406,98.02
Malaysia,MYS,2000,13,0.751,0.59,0.209,1.736,0.278,0.166,0.526,0.0,0.235,0.211,0.211,1.0,0.112,0.008,0.799,6455.61419792583,21.3847,22967816.0,76.4828262329102,61.9694564490726,
Malaysia,MYS,2001,13,0.751,0.59,0.211,1.736,0.284,0.168,0.535,0.0,0.263,0.211,0.214,1.0,0.112,0.008,0.799,6334.92795651698,26.696,23526538.0,75.6187362670898,63.0180877676224,
Malaysia,MYS,2002,13,0.751,0.59,0.211,1.736,0.284,0.174,0.535,0.0,0.263,0.211,0.215,1.0,0.112,0.008,0.799,6516.90671560155,32.3382,24102477.0,75.0011596679688,64.056368465184,
Malaysia,MYS,2003,13,0.751,0.616,0.213,1.736,0.286,0.174,0.537,0.0,0.269,0.211,0.216,1.0,0.112,0.008,0.799,6732.92049458099,34.9712,24679602.0,80.088996887207,65.0750932867555,
Malaysia,MYS,2004,13,0.751,0.616,0.221,1.736,0.311,0.207,0.565,0.0,0.341,0.257,0.225,1.0,0.112,0.008,0.799,7025.34558004381,42.2523,25256772.0,80.5677719116211,66.0647889111941,73.9
Malaysia,MYS,2005,13,0.751,0.616,0.222,1.736,0.313,0.21,0.569,0.0,0.341,0.272,0.227,1.0,0.112,0.008,0.799,7234.02442689141,48.6292,25836071.0,76.2537536621094,67.0159820173565,73.9
Malaysia,MYS,2006,13,0.77,0.637,0.226,1.683,0.313,0.21,0.569,0.0,0.338,0.272,0.226,1.0,0.112,0.008,0.799,7469.8106921211,51.638,26417909.0,75.8026123046875,67.9191992840997,73.9
Malaysia,MYS,2007,13,0.77,0.637,0.226,1.683,0.314,0.21,0.57,0.0,0.331,0.272,0.225,1.0,0.112,0.008,0.799,7769.59693350488,55.7,26998389.0,74.2519378662109,68.7649673902807,73.9
Malaysia,MYS,2008,13,0.805,0.647,0.234,1.992,0.331,0.218,0.587,0.0,0.335,0.355,0.235,1.0,0.112,0.008,0.799,7976.11785374773,55.8,27570059.0,74.8359527587891,69.5438130147565,75.99
Malaysia,MYS,2009,13,0.805,0.623,0.235,1.992,0.331,0.217,0.587,0.0,0.328,0.373,0.237,1.0,0.112,0.008,0.799,7700.46111294033,55.9,28124778.0,75.0242767333984,70.2462628363839,75.99
Malaysia,MYS,2010,13,0.778,0.621,0.234,1.992,0.332,0.217,0.588,0.0,0.331,0.373,0.237,1.0,0.112,0.008,0.799,8118.92270511981,56.3,28655776.0,77.2140274047852,70.8625314831025,75.99
Malaysia,MYS,2011,13,0.778,0.623,0.233,1.992,0.33,0.216,0.585,0.0,0.323,0.373,0.235,1.0,0.112,0.008,0.799,8400.32248683558,61.0,29162039.0,77.5925369262695,71.4245166681964,75.99
Malaysia,MYS,2012,13,0.778,0.623,0.233,1.992,0.33,0.216,0.585,0.0,0.323,0.373,0.232,1.0,0.112,0.008,0.799,8710.52671359902,65.8,29662831.0,81.2371978759766,71.9680127926087,75.99
Malaysia,MYS,2013,13,0.774,0.625,0.233,1.992,0.325,0.21,0.581,0.0,0.322,0.35,0.229,1.0,0.112,0.008,0.799,8964.80724896203,57.0575,30174265.0,80.938362121582,72.4882717118078,84.84
Malaysia,MYS,2014,13,0.774,0.625,0.235,1.992,0.329,0.212,0.587,0.0,0.322,0.339,0.231,1.0,0.112,0.008,0.799,9341.73055971278,63.6654,30696137.0,83.2836303710938,72.9802206910773,84.84
Malaysia,MYS,2015,13,0.774,0.625,0.235,1.992,0.329,0.206,0.587,0.0,0.322,0.348,0.231,1.0,-0.099,0.008,0.799,9648.6797937523,71.0641,31232798.0,81.5115814208984,73.4387869957006,84.84
Malaysia,MYS,2016,13,0.774,0.634,0.235,1.992,0.328,0.204,0.586,0.0,0.322,0.348,0.23,1.0,-0.099,0.008,0.799,9901.47960179812,78.7883,31789685.0,79.8283920288086,73.8588978909614,84.84
Malaysia,MYS,2017,13,0.75,0.69,0.229,1.305,0.338,0.209,0.597,0.0,0.336,0.348,0.234,1.0,-0.099,-0.256,0.799,10293.7629205362,80.1405,32355644.0,78.8863677978516,74.2354806421432,84.84
Malaysia,MYS,2018,13,0.757,0.744,0.281,1.265,0.445,0.315,0.698,0.0,0.633,0.421,0.333,1.0,0.529,0.299,0.799,10610.1950240479,81.201,32910967.0,74.4872817993164,74.5634625145296,82.32
Malaysia,MYS,2019,13,0.768,0.748,0.297,1.265,0.472,0.335,0.719,0.0,0.663,0.48,0.35,1.0,0.734,0.491,0.799,10902.9834855856,84.1871,33440596.0,75.3229827880859,74.8377707734042,82.32
Malaysia,MYS,2020,13,0.768,0.71,0.276,1.265,0.433,0.307,0.684,0.0,0.567,0.468,0.326,1.0,0.464,0.157,0.799,10171.4657842762,89.555,33889558.0,73.2459411621094,75.0511895575672,82.32
Malaysia,MYS,2021,13,0.76,0.749,0.274,1.265,0.432,0.299,0.686,0.0,0.563,0.453,0.325,1.0,0.545,0.157,0.799,10388.2667120857,96.7514,34282399.0,74.9618181140898,75.5088628191907,82.32
Malaysia,MYS,2022,13,0.775,0.708,0.276,1.265,0.46,0.317,0.708,0.0,0.619,0.474,0.342,1.0,0.686,0.157,0.799,11191.6511756943,97.3986,34695493.0,78.8341986282999,75.9741357073003,73.89
Malaysia,MYS,2023,13,0.777,0.725,0.308,1.265,0.507,0.357,0.742,0.0,0.627,0.592,0.381,2.0,0.317,0.157,0.799,11445.3925275079,97.6927,35126298.0,79.4472788704033,76.4434752105739,73.89
Malaysia,MYS,2024,13,0.777,0.725,0.315,1.265,0.517,0.362,0.751,0.0,0.619,0.592,0.388,2.0,0.317,0.157,0.799,11883.79127749,98.0206,35557673.0,80.2757406864183,76.9170296648992,73.89
Maldives,MDV,2000,14,0.488,0.106,0.069,-0.977,0.16,0.057,0.319,0.02,0.106,0.151,0.146,0.0,-0.211,-0.529,-0.495,7037.08546104613,2.20387,282019.0,51.4409103393555,27.6038586493758,
Maldives,MDV,2001,14,0.488,0.106,0.069,-0.977,0.161,0.057,0.321,0.02,0.114,0.151,0.146,0.0,-0.211,-0.529,-0.495,6647.6503820039,3.61729,286767.0,61.0277481079102,28.5499181889238,
Maldives,MDV,2002,14,0.488,0.106,0.07,-0.977,0.162,0.054,0.324,0.02,0.124,0.151,0.145,0.0,-0.211,-0.529,-0.495,7012.25568873173,5.34777,291616.0,61.3511009216309,29.8881681908815,
Maldives,MDV,2003,14,0.601,0.207,0.083,-0.073,0.171,0.057,0.34,0.02,0.179,0.144,0.152,0.0,-0.211,-0.529,-0.495,7845.29307409315,5.97659,296491.0,67.9700698852539,31.3913356462169,
Maldives,MDV,2004,14,0.601,0.285,0.084,-0.073,0.175,0.062,0.348,0.02,0.235,0.12,0.16,0.0,-0.211,-0.529,-0.495,8174.41607301248,6.58825,301413.0,67.8094329833984,32.8541942827704,
Maldives,MDV,2005,14,0.607,0.393,0.111,0.279,0.283,0.115,0.522,0.02,0.388,0.292,0.23,0.0,-0.211,-0.529,-0.495,7141.88377049891,6.86961,306429.0,,34.0715178283824,71.29
Maldives,MDV,2006,14,0.63,0.411,0.119,0.493,0.299,0.125,0.544,0.02,0.424,0.3,0.237,0.0,-0.211,-0.529,-0.495,8620.72814678183,11.0364,313851.0,,34.8678636610379,71.29
Maldives,MDV,2007,14,0.63,0.421,0.14,0.493,0.304,0.126,0.55,0.2,0.446,0.3,0.244,0.0,-0.211,-0.529,-0.495,8933.17166363858,16.3,324479.0,,35.4340781469745,71.29
Maldives,MDV,2008,14,0.752,0.67,0.21,0.793,0.456,0.243,0.705,0.213,0.709,0.461,0.33,1.0,-0.211,-0.014,0.399,9396.49733610486,23.2,336170.0,,35.9335121678807,71.29
Maldives,MDV,2009,14,0.712,0.76,0.272,0.793,0.603,0.4,0.807,0.213,0.835,0.658,0.43,2.0,0.201,-0.014,0.537,8313.4098369723,24.8,348275.0,,36.3718272129661,78.87
Maldives,MDV,2010,14,0.741,0.76,0.306,0.793,0.596,0.393,0.803,0.213,0.819,0.662,0.422,2.0,0.201,-0.014,0.537,8569.52494600725,26.53,360792.0,70.0468136514648,36.7646137762553,78.87
Maldives,MDV,2011,14,0.722,0.76,0.393,0.793,0.597,0.393,0.803,0.213,0.816,0.662,0.436,2.0,0.201,-0.014,0.537,9005.81391375104,34.0,373674.0,72.8434927609116,37.1274623517731,78.87
Maldives,MDV,2012,14,0.707,0.593,0.349,0.793,0.537,0.33,0.762,0.201,0.727,0.659,0.399,2.0,-1.031,-1.382,-0.581,8907.66134868182,38.9301,386818.0,71.9760042609256,37.475963433544,78.87
Maldives,MDV,2013,14,0.568,0.483,0.286,0.772,0.45,0.237,0.696,0.189,0.6,0.556,0.298,1.0,-1.031,-1.382,-0.581,9213.32791442475,44.1,400070.0,68.3872693233485,37.8257075155926,78.87
Maldives,MDV,2014,14,0.556,0.448,0.257,0.524,0.402,0.208,0.657,0.177,0.6,0.411,0.271,1.0,-0.578,-0.971,-0.163,9612.07861806739,49.28,413617.0,72.9110894145066,38.1938859868107,77.93
Maldives,MDV,2015,14,0.451,0.393,0.232,0.269,0.374,0.187,0.629,0.165,0.542,0.401,0.233,1.0,-0.578,-0.971,-0.163,9644.90655028145,54.462,428154.0,73.441380211737,38.5771510715291,77.93
Maldives,MDV,2016,14,0.398,0.341,0.221,0.119,0.362,0.182,0.617,0.153,0.468,0.414,0.245,1.0,-0.578,-0.971,-0.163,9909.07669723415,59.5,443308.0,70.014084045724,38.9560872317815,77.93
Maldives,MDV,2017,14,0.433,0.328,0.223,0.276,0.354,0.175,0.608,0.141,0.483,0.399,0.25,1.0,-0.578,-0.971,-0.163,10263.2991147672,65.0,458287.0,69.7419183184781,39.32787719143,77.93
Maldives,MDV,2018,14,0.438,0.395,0.237,0.098,0.386,0.192,0.641,0.129,0.542,0.418,0.266,1.0,-0.578,-0.545,-0.163,10793.8941325367,70.9,473099.0,77.0284881591797,39.6923354428279,77.93
Maldives,MDV,2019,14,0.571,0.58,0.323,0.343,0.568,0.408,0.786,0.117,0.772,0.607,0.395,2.0,0.216,-0.119,0.259,11194.9253748064,77.4697,487731.0,72.6946792602539,40.0492764783282,81.32
Maldives,MDV,2020,14,0.574,0.591,0.323,0.343,0.573,0.425,0.788,0.105,0.794,0.646,0.4,2.0,0.216,-0.119,0.259,7295.60220956454,79.0978,502118.0,69.8982015609094,40.3985147902839,81.32
Maldives,MDV,2021,14,0.583,0.476,0.324,0.115,0.577,0.423,0.791,0.093,0.81,0.646,0.403,2.0,0.216,0.288,0.686,9759.2219360708,81.9576,516154.0,,40.7398648710483,81.32
Maldives,MDV,2022,14,0.639,0.64,0.331,0.744,0.58,0.431,0.792,0.081,0.774,0.646,0.376,2.0,0.216,-0.223,0.236,10939.9963271738,83.9119,524106.0,73.5234576648616,41.0641769690663,81.32
Maldives,MDV,2023,14,0.639,0.667,0.336,0.744,0.591,0.448,0.799,0.069,0.767,0.653,0.384,2.0,0.216,-0.223,0.236,11439.5364342871,84.6851,525994.0,79.3565296847573,41.5096832933973,81.32
Maldives,MDV,2024,14,0.628,0.626,0.318,0.744,0.564,0.423,0.783,0.057,0.733,0.626,0.365,2.0,0.216,-0.223,0.236,11798.791369146,,527799.0,,41.9982152717385,73.91
Mongolia,MNG,2000,12,0.732,0.892,0.389,0.464,0.679,0.552,0.854,0.029,0.902,0.65,0.547,2.0,1.244,1.165,0.548,1598.31282040605,1.25565,2388299.0,62.4367294311523,56.7305447074496,82.42
Mongolia,MNG,2001,12,0.732,0.892,0.38,0.464,0.662,0.538,0.846,0.029,0.902,0.625,0.534,2.0,1.244,1.165,0.548,1625.46152259484,1.65324,2417751.0,69.4697723388672,57.2155913875612,82.42
Mongolia,MNG,2002,12,0.732,0.892,0.385,0.464,0.667,0.546,0.849,0.029,0.902,0.638,0.543,2.0,1.244,1.165,0.548,1680.65335337555,2.03957,2449027.0,74.5482330322266,58.1310120482033,82.42
Mongolia,MNG,2003,12,0.732,0.892,0.383,0.464,0.668,0.549,0.849,0.029,0.902,0.638,0.543,2.0,1.244,1.165,0.548,1775.64906676137,,2480374.0,82.2682495117188,59.3546986563236,82.42
Mongolia,MNG,2004,12,0.74,0.892,0.384,0.464,0.672,0.553,0.85,0.029,0.902,0.64,0.531,2.0,1.151,1.165,0.548,1942.36263694017,,2508412.0,88.4728012084961,60.7829994587671,81.84
Mongolia,MNG,2005,12,0.74,0.892,0.387,0.464,0.675,0.554,0.852,0.029,0.902,0.643,0.533,2.0,1.151,1.165,0.548,2060.26168223171,,2536407.0,92.1028823852539,62.3122627023789,81.84
Mongolia,MNG,2006,12,0.74,0.892,0.394,0.464,0.686,0.565,0.858,0.029,0.9,0.654,0.544,2.0,1.151,1.165,0.548,2209.74321787628,,2567168.0,92.3052825927734,63.8388366340039,81.84
Mongolia,MNG,2007,12,0.74,0.892,0.394,0.464,0.686,0.565,0.858,0.029,0.9,0.654,0.544,2.0,1.151,1.165,0.548,2403.72416258662,9.0,2601850.0,,65.2590695004873,81.84
Mongolia,MNG,2008,12,0.746,0.873,0.377,0.543,0.657,0.536,0.843,0.029,0.894,0.609,0.521,2.0,1.151,1.165,0.548,2576.71295838607,9.8,2643201.0,,66.4693095486742,74.31
Mongolia,MNG,2009,12,0.746,0.888,0.381,0.543,0.661,0.544,0.846,0.029,0.9,0.612,0.524,2.0,1.151,1.165,0.548,2498.72967493254,10.0,2691115.0,98.5075302124023,67.3659050254095,74.31
Mongolia,MNG,2010,12,0.773,0.888,0.394,0.543,0.679,0.563,0.854,0.029,0.901,0.642,0.535,2.0,1.103,1.094,0.664,2611.67326563924,10.2,2738622.0,91.1776885986328,67.8298018313254,74.31
Mongolia,MNG,2011,12,0.773,0.888,0.399,0.543,0.684,0.566,0.857,0.029,0.901,0.647,0.539,2.0,1.103,1.094,0.664,3010.81642672623,12.5,2786317.0,,67.9196058798676,74.31
Mongolia,MNG,2012,12,0.749,0.915,0.399,0.543,0.69,0.569,0.86,0.029,0.901,0.658,0.547,2.0,1.103,0.552,0.664,3318.16496597089,16.4,2839705.0,,67.9522782537785,65.24
Mongolia,MNG,2013,12,0.771,0.876,0.4,0.508,0.688,0.56,0.858,0.029,0.893,0.672,0.527,2.0,1.103,0.552,0.664,3628.90708069575,17.7,2899011.0,,67.9776750055915,65.24
Mongolia,MNG,2014,12,0.771,0.876,0.401,0.508,0.687,0.556,0.858,0.029,0.893,0.675,0.527,2.0,1.103,0.552,0.664,3830.35892049593,19.9424,2963113.0,,67.9941357229626,65.24
Mongolia,MNG,2015,12,0.779,0.883,0.377,0.508,0.681,0.551,0.854,0.029,0.89,0.671,0.526,2.0,1.103,0.552,0.664,3838.92126989984,22.5,3026864.0,,67.9999999906095,65.24
Mongolia,MNG,2016,12,0.779,0.888,0.37,0.508,0.677,0.55,0.853,0.029,0.895,0.665,0.523,2.0,1.205,1.034,0.664,3817.91962716702,22.2658,3088856.0,,67.9776754820979,73.58
Mongolia,MNG,2017,12,0.735,0.879,0.369,0.268,0.664,0.54,0.844,0.029,0.868,0.664,0.505,2.0,1.205,1.034,0.664,3956.2049437134,23.7143,3148917.0,,67.9260583223672,73.58
Mongolia,MNG,2018,12,0.722,0.887,0.36,0.222,0.653,0.536,0.838,0.029,0.855,0.654,0.488,2.0,1.205,1.034,0.664,4183.85566447661,47.13,3208189.0,91.2949725153641,67.8683444833372,73.58
Mongolia,MNG,2019,12,0.681,0.872,0.355,0.222,0.653,0.543,0.838,0.029,0.863,0.654,0.487,2.0,1.759,1.169,0.664,4337.8167085432,51.08,3267673.0,88.7463471502002,67.8277299551557,73.58
Mongolia,MNG,2020,12,0.667,0.827,0.332,0.206,0.633,0.519,0.826,0.029,0.835,0.647,0.468,2.0,1.759,1.169,0.664,4066.03410882791,62.5,3327204.0,95.3826370696027,68.0894771770775,73.64
Mongolia,MNG,2021,12,0.64,0.753,0.317,0.079,0.613,0.492,0.814,0.029,0.802,0.648,0.431,2.0,1.567,1.252,0.664,4063.53669849245,81.6068,3383741.0,98.3276220923038,69.2153244018555,73.64
Mongolia,MNG,2022,12,0.588,0.745,0.287,0.079,0.573,0.458,0.787,0.029,0.772,0.653,0.393,2.0,1.567,1.252,0.704,4205.88554513551,82.1725,3433748.0,93.5508272676123,69.783805847168,73.64
Mongolia,MNG,2023,12,0.567,0.745,0.264,0.079,0.533,0.421,0.76,0.029,0.722,0.629,0.359,2.0,0.933,0.348,0.704,4456.53627552726,83.0162,3481145.0,96.8181201904352,70.4464492797852,73.64
Mongolia,MNG,2024,12,0.575,0.689,0.249,0.259,0.496,0.389,0.733,0.029,0.693,0.607,0.353,1.0,0.775,0.152,0.272,4626.79609644243,,3524788.0,,70.9566040039062,69.83
Myanmar,MMR,2000,13,0.122,0.087,0.046,-1.393,0.094,0.017,0.189,0.027,0.057,0.0,0.073,0.0,-3.694,-3.169,-2.449,298.590464510138,,45290841.0,39.3193206787109,27.5346072708149,
Myanmar,MMR,2001,13,0.122,0.087,0.046,-1.393,0.094,0.017,0.189,0.027,0.057,0.0,0.073,0.0,-3.694,-3.169,-2.449,328.973872713504,0.000289277,45771139.0,40.303840637207,27.7107064116875,
Myanmar,MMR,2002,13,0.122,0.087,0.046,-1.393,0.094,0.017,0.189,0.027,0.057,0.0,0.073,0.0,-3.694,-3.169,-2.449,364.855800197477,0.000426494,46232653.0,41.8484497070312,27.8849700456368,
Myanmar,MMR,2003,13,0.122,0.087,0.046,-1.393,0.094,0.017,0.189,0.027,0.057,0.0,0.073,0.0,-3.694,-3.169,-2.449,411.498764127557,0.0240641,46667192.0,42.1795806884766,28.0568026064444,
Myanmar,MMR,2004,13,0.122,0.087,0.046,-1.393,0.094,0.017,0.189,0.027,0.057,0.0,0.073,0.0,-3.694,-3.169,-2.449,463.33013572168,0.0243374,47068772.0,45.0282783508301,28.2256085278922,
Myanmar,MMR,2005,13,0.122,0.087,0.046,-1.393,0.094,0.017,0.189,0.027,0.057,0.0,0.073,0.0,-3.694,-3.169,-2.449,522.099544791815,0.0652389,47438365.0,45.6932487487793,28.390792243762,
Myanmar,MMR,2006,13,0.122,0.087,0.046,-1.393,0.095,0.017,0.19,0.027,0.062,0.0,0.073,0.0,-3.694,-3.169,-2.449,586.085579935448,0.182048,47785135.0,47.5437698364258,28.5517581878355,
Myanmar,MMR,2007,13,0.122,0.087,0.046,-1.393,0.095,0.017,0.191,0.027,0.062,0.0,0.073,0.0,-3.694,-3.169,-2.449,651.729730899198,0.217128,48125043.0,47.3708114624023,28.7079107938945,
Myanmar,MMR,2008,13,0.122,0.087,0.052,-1.393,0.095,0.018,0.191,0.094,0.064,0.0,0.073,0.0,-3.694,-3.169,-2.449,714.620419027129,0.22,48390793.0,49.9790115356445,28.8586544957208,
Myanmar,MMR,2009,13,0.122,0.087,0.052,-1.393,0.097,0.018,0.194,0.094,0.075,0.0,0.073,0.0,-3.694,-3.169,-2.449,785.634853168658,0.22,48660459.0,49.9621315002441,29.0033937270962,
Myanmar,MMR,2010,13,0.198,0.174,0.088,-0.686,0.118,0.032,0.235,0.094,0.169,0.02,0.102,0.0,-2.783,-2.573,-2.449,854.932478027749,0.25,49024382.0,50.8663902282715,29.1415329218024,77.26
Myanmar,MMR,2011,13,0.401,0.403,0.129,0.616,0.22,0.109,0.428,0.094,0.386,0.141,0.137,1.0,-1.678,-1.739,-1.275,895.512538762631,0.98,49419820.0,,29.2724765136213,77.26
Myanmar,MMR,2012,13,0.46,0.478,0.159,0.616,0.3,0.133,0.543,0.094,0.474,0.347,0.17,1.0,-0.503,-0.602,-0.654,953.123081936485,1.4,49837446.0,,29.3956289363345,77.26
Myanmar,MMR,2013,13,0.487,0.459,0.208,0.678,0.355,0.16,0.61,0.088,0.53,0.437,0.179,1.0,-0.27,-0.426,-0.414,1024.69060474658,1.8,50262658.0,,29.5103946237239,77.26
Myanmar,MMR,2014,13,0.543,0.48,0.214,0.794,0.352,0.165,0.608,0.082,0.525,0.433,0.176,1.0,-0.314,-0.426,-0.039,1099.24387751605,7.4,50681634.0,57.1178512573242,29.6164342116462,77.26
Myanmar,MMR,2015,13,0.555,0.483,0.22,0.794,0.366,0.183,0.622,0.077,0.547,0.455,0.202,1.0,-0.199,-0.426,-0.026,1166.73305547935,10.9,51089056.0,,29.7166821191682,69.72
Myanmar,MMR,2016,13,0.575,0.562,0.241,0.74,0.399,0.233,0.655,0.071,0.595,0.526,0.206,1.0,-0.199,-0.022,-0.026,1225.37913972668,16.0,51495696.0,67.7588500976562,29.8129165582094,69.72
Myanmar,MMR,2017,13,0.635,0.596,0.248,1.253,0.4,0.234,0.657,0.066,0.611,0.525,0.223,1.0,-0.199,-0.022,-0.211,1290.56409027458,23.6211,51894938.0,72.3457412719727,29.9051727703437,69.72
Myanmar,MMR,2018,13,0.661,0.596,0.251,1.253,0.395,0.239,0.652,0.06,0.62,0.515,0.229,1.0,-0.199,-0.022,-0.117,1361.56831265985,29.379,52272247.0,77.0191497802734,29.993574050729,69.72
Myanmar,MMR,2019,13,0.661,0.625,0.263,1.253,0.422,0.255,0.681,0.054,0.703,0.507,0.242,1.0,-0.162,-0.022,-0.117,1440.98988238708,36.5405,52640713.0,,30.0782436945232,69.72
Myanmar,MMR,2020,13,0.671,0.625,0.268,1.253,0.427,0.261,0.683,0.049,0.685,0.552,0.244,1.0,-0.162,-0.694,-0.117,1301.3138635245,45.4477,53016522.0,,30.1593049968842,71.89
Myanmar,MMR,2021,13,0.185,0.201,0.102,-0.606,0.107,0.02,0.214,0.043,0.067,0.041,0.064,0.0,-1.673,-2.964,-1.847,1136.99566055698,56.5261,53387102.0,,30.2368812529698,71.89
Myanmar,MMR,2022,13,0.14,0.126,0.094,-1.025,0.092,0.016,0.183,0.038,0.044,0.0,0.06,0.0,-1.673,-2.964,-2.385,1174.76697947364,58.0112,53756787.0,,30.311095757938,71.89
Myanmar,MMR,2023,13,0.134,0.126,0.085,-1.025,0.08,0.015,0.16,0.032,0.042,0.0,0.059,0.0,-1.673,-2.964,-2.385,1177.76649647177,58.5357,54133798.0,,30.3820718069466,71.89
Myanmar,MMR,2024,13,0.134,0.126,0.093,-1.025,0.083,0.016,0.165,0.026,0.048,0.0,0.059,0.0,-1.673,-2.951,-2.385,1158.47928099316,,54500091.0,,30.4499084074136,71.89
Nepal,NPL,2000,14,0.735,0.662,0.214,1.448,0.358,0.29,0.642,0.0,0.77,0.173,0.262,1.0,-0.996,-1.363,-1.295,547.221082273632,0.204652,24546509.0,34.4201507568359,31.0994241803849,
Nepal,NPL,2001,14,0.77,0.654,0.215,1.904,0.355,0.28,0.636,0.0,0.76,0.173,0.26,1.0,-0.996,-1.363,-1.295,564.28622920391,0.240015,24946748.0,37.3896903991699,32.808952331543,
Nepal,NPL,2002,14,0.77,0.654,0.179,1.904,0.272,0.22,0.523,0.0,0.688,0.131,0.219,0.0,-0.996,-1.363,-1.372,556.438454538796,0.312956,25328981.0,41.0556297302246,35.0358944291182,
Nepal,NPL,2003,14,0.77,0.654,0.125,1.904,0.224,0.144,0.448,0.0,0.676,0.0,0.2,0.0,-0.996,-1.363,-1.372,570.28967363428,0.382811,25688758.0,42.0749092102051,38.045308394296,
Nepal,NPL,2004,14,0.77,0.654,0.125,1.904,0.225,0.145,0.45,0.0,0.68,0.0,0.199,0.0,-0.996,-1.363,-1.372,589.46992868617,0.449844,26016656.0,,41.6109470808194,
Nepal,NPL,2005,14,0.771,0.654,0.125,1.904,0.222,0.148,0.444,0.0,0.655,0.0,0.206,0.0,-0.996,-1.363,-1.372,603.190108570995,0.826551,26309458.0,45.098201751709,45.5065633424317,
Nepal,NPL,2006,14,0.802,0.734,0.13,2.258,0.23,0.209,0.46,0.0,0.719,0.0,0.214,0.0,-0.996,-1.363,-0.928,617.477638588722,1.14139,26565425.0,42.5181617736816,49.5059100328759,
Nepal,NPL,2007,14,0.832,0.89,0.149,2.362,0.273,0.276,0.547,0.02,0.886,0.0,0.245,0.0,-0.49,-0.963,-0.48,633.226129136597,1.41,26788492.0,42.0970306396484,53.3827400058951,
Nepal,NPL,2008,14,0.851,0.892,0.23,2.155,0.473,0.407,0.722,0.02,0.892,0.318,0.356,1.0,-0.49,-0.963,-0.116,666.865095417138,1.73,26990037.0,48.0189094543457,56.9108061152324,63.29
Nepal,NPL,2009,14,0.843,0.892,0.264,2.155,0.556,0.465,0.793,0.02,0.914,0.439,0.403,2.0,-0.49,-0.963,-0.116,692.400000816919,1.97,27173035.0,49.2625999450684,59.8638612146309,63.29
Nepal,NPL,2010,14,0.849,0.868,0.261,2.155,0.549,0.463,0.788,0.02,0.91,0.439,0.392,2.0,-0.49,-1.032,-0.116,721.265221364302,7.93,27341952.0,55.5892906188965,62.0156581578338,63.29
Nepal,NPL,2011,14,0.849,0.903,0.264,2.155,0.557,0.471,0.792,0.02,0.91,0.439,0.394,2.0,-0.49,-1.032,-0.116,742.617252662576,9.0,27464494.0,58.9935111999512,63.139949798584,63.29
Nepal,NPL,2012,14,0.839,0.903,0.195,2.155,0.391,0.311,0.655,0.02,0.911,0.177,0.308,1.0,-0.49,-1.032,-0.116,775.310578479839,11.1493,27534915.0,63.1414794921875,63.6558406194333,63.29
Nepal,NPL,2013,14,0.842,0.89,0.152,2.58,0.28,0.191,0.559,0.02,0.855,0.077,0.227,1.0,-0.49,-1.032,-0.116,801.039060847856,13.3,27589996.0,65.4935302734375,64.1314570156048,78.34
Nepal,NPL,2014,14,0.842,0.89,0.302,2.58,0.624,0.497,0.826,0.02,0.859,0.652,0.426,2.0,-0.49,-1.032,-0.116,846.665541773599,15.44,27672370.0,67.5318298339844,64.5640847098488,78.34
Nepal,NPL,2015,14,0.848,0.836,0.353,2.297,0.64,0.532,0.832,0.02,0.858,0.652,0.437,2.0,-0.49,-1.032,-0.116,875.543635474862,17.5816,27823629.0,68.6131210327148,64.9510094249155,78.34
Nepal,NPL,2016,14,0.872,0.873,0.37,2.633,0.661,0.553,0.844,0.02,0.886,0.652,0.437,2.0,-0.49,-1.032,-0.116,875.188943730855,20.7,27955462.0,71.7744979858398,65.2895168835553,78.34
Nepal,NPL,2017,14,0.874,0.846,0.44,2.633,0.658,0.551,0.841,0.02,0.878,0.649,0.451,2.0,-0.49,-1.032,-0.116,951.857298563641,24.3,28011258.0,74.4113311767578,65.5768928085184,68.67
Nepal,NPL,2018,14,0.849,0.794,0.419,2.107,0.632,0.518,0.828,0.02,0.857,0.616,0.429,2.0,-0.49,-1.032,-0.116,1021.91492204011,28.6,28079689.0,,65.8104229225551,68.67
Nepal,NPL,2019,14,0.822,0.807,0.395,2.107,0.601,0.475,0.807,0.02,0.808,0.619,0.394,2.0,-0.568,-1.139,0.087,1077.11796498188,33.3366,28414064.0,80.2800521850586,65.9873929484157,68.67
Nepal,NPL,2020,14,0.818,0.789,0.39,2.107,0.598,0.478,0.805,0.02,0.822,0.611,0.386,2.0,-0.568,-1.139,0.087,1031.53618783934,38.8576,28966574.0,85.3101577758789,66.1050886088505,68.67
Nepal,NPL,2021,14,0.795,0.84,0.4,2.443,0.618,0.494,0.818,0.02,0.808,0.617,0.392,2.0,-0.406,-1.031,0.087,1062.7888430629,45.293,29475010.0,83.9220209713597,66.144235274522,68.67
Nepal,NPL,2022,14,0.872,0.849,0.422,2.603,0.63,0.497,0.825,0.02,0.837,0.629,0.408,2.0,-0.447,-1.127,0.087,1113.55462341223,53.8878,29715436.0,84.1026475876285,66.2992968721053,61.35
Nepal,NPL,2023,14,0.861,0.829,0.459,2.432,0.692,0.53,0.859,0.02,0.84,0.722,0.449,2.0,-0.447,-1.127,0.095,1136.42769313825,55.7716,29694614.0,89.8898815141438,66.5432933453944,61.35
Nepal,NPL,2024,14,0.77,0.808,0.427,2.097,0.669,0.522,0.846,0.02,0.814,0.719,0.428,2.0,-0.447,-1.127,0.189,1179.81272768386,,29651054.0,90.3878462155916,66.772343163029,61.35
Pakistan,PAK,2000,14,0.597,0.559,0.131,1.04,0.203,0.094,0.407,0.02,0.713,0.0,0.088,0.0,-0.146,0.983,0.133,1049.54229686852,,154879127.0,,33.0046884491535,
Pakistan,PAK,2001,14,0.597,0.528,0.13,1.04,0.202,0.091,0.405,0.02,0.713,0.0,0.089,0.0,-0.146,0.983,0.133,1057.86767778646,1.31855,159270907.0,,33.1988471664032,
Pakistan,PAK,2002,14,0.641,0.528,0.165,1.04,0.243,0.132,0.479,0.2,0.738,0.134,0.099,1.0,-0.146,0.983,0.133,1059.04171024589,2.57743,163222549.0,,33.3857078542752,41.8
Pakistan,PAK,2003,14,0.664,0.577,0.24,1.04,0.357,0.191,0.637,0.2,0.746,0.183,0.132,1.0,-0.146,0.983,0.133,1090.27523993746,5.04116,167110248.0,19.8385200500488,33.5669209665019,41.8
Pakistan,PAK,2004,14,0.664,0.577,0.24,1.04,0.357,0.198,0.637,0.2,0.746,0.183,0.132,1.0,-0.146,0.983,0.133,1146.99632842666,6.16432,171286000.0,21.7634296417236,33.7441369568158,41.8
Pakistan,PAK,2005,14,0.664,0.63,0.24,1.04,0.358,0.195,0.637,0.2,0.746,0.183,0.133,1.0,-0.146,0.983,0.133,1201.23359367214,6.33233,175453212.0,22.6038208007812,33.9190062789495,41.8
Pakistan,PAK,2006,14,0.664,0.613,0.239,1.04,0.355,0.19,0.634,0.2,0.742,0.183,0.129,1.0,-0.146,0.618,0.93,1243.94142602543,6.5,179682690.0,27.2463207244873,34.0931793866356,41.8
Pakistan,PAK,2007,14,0.689,0.554,0.236,1.26,0.35,0.189,0.627,0.188,0.738,0.183,0.126,1.0,0.013,0.618,0.812,1265.35567539842,6.8,184493231.0,29.0634307861328,34.2683067336065,41.8
Pakistan,PAK,2008,14,0.73,0.622,0.271,1.554,0.417,0.228,0.683,0.176,0.766,0.309,0.14,1.0,-0.137,0.407,0.812,1258.05188934452,7.0,189499113.0,29.1768093109131,34.4460387735948,44.55
Pakistan,PAK,2009,14,0.726,0.702,0.284,1.554,0.441,0.26,0.707,0.164,0.802,0.319,0.148,1.0,-0.137,0.407,0.812,1269.07432116444,7.5,194376534.0,29.0589694976807,34.6280259603331,44.55
Pakistan,PAK,2010,14,0.725,0.729,0.305,1.528,0.466,0.289,0.729,0.152,0.836,0.336,0.169,1.0,-0.094,-0.027,0.733,1256.69482201323,8.0,199239047.0,29.2962900661933,34.8159187475539,44.55
Pakistan,PAK,2011,14,0.741,0.729,0.305,1.528,0.466,0.288,0.728,0.14,0.835,0.336,0.169,1.0,-0.179,-0.027,0.733,1261.83161907857,8.0,203746065.0,29.7271460529531,35.0113675889897,44.55
Pakistan,PAK,2012,14,0.745,0.729,0.303,1.528,0.462,0.284,0.725,0.128,0.841,0.336,0.167,1.0,-0.179,-0.423,1.239,1275.48806898966,8.1,207667125.0,30.6300201416016,35.2160229383731,44.55
Pakistan,PAK,2013,14,0.685,0.654,0.298,1.047,0.467,0.287,0.728,0.116,0.823,0.344,0.157,1.0,-0.179,-0.271,1.239,1309.70080446386,9.0,211073978.0,31.544819132504,35.4315352494366,53.62
Pakistan,PAK,2014,14,0.675,0.638,0.297,1.047,0.467,0.286,0.73,0.104,0.808,0.342,0.16,1.0,-0.463,-0.271,1.239,1343.30778121043,10.0,214264647.0,32.6573427323505,35.6595549759128,53.62
Pakistan,PAK,2015,14,0.628,0.564,0.274,1.047,0.439,0.267,0.704,0.092,0.746,0.336,0.144,1.0,-0.72,-0.422,1.239,1380.47020838317,11.0,217290883.0,34.6741466548496,35.9017325715342,53.62
Pakistan,PAK,2016,14,0.628,0.538,0.266,1.047,0.428,0.259,0.692,0.08,0.701,0.336,0.141,1.0,-0.72,-0.422,1.135,1452.18658269177,12.3854,220138869.0,35.8643246680809,36.1597184900333,53.62
Pakistan,PAK,2017,14,0.64,0.543,0.259,1.192,0.418,0.257,0.682,0.068,0.669,0.336,0.143,1.0,-0.72,-0.422,1.135,1495.26187528032,13.78,223273967.0,35.3224248744451,36.4351548223399,53.62
Pakistan,PAK,2018,14,0.694,0.547,0.255,1.586,0.395,0.254,0.658,0.056,0.632,0.32,0.135,1.0,-1.179,-0.422,0.999,1561.68169819559,15.34,226928892.0,37.1466063259079,36.7478511550359,51.89
Pakistan,PAK,2019,14,0.673,0.542,0.238,1.404,0.367,0.236,0.631,0.044,0.576,0.287,0.124,1.0,-0.979,-0.422,0.562,1573.8330826937,17.0709,230800899.0,38.7511552822907,37.1091631735769,51.89
Pakistan,PAK,2020,14,0.755,0.557,0.25,1.568,0.376,0.255,0.64,0.032,0.608,0.309,0.135,1.0,-1.319,-0.422,0.562,1526.00597486307,18.9348,235001746.0,,37.5080192948099,51.89
Pakistan,PAK,2021,14,0.725,0.664,0.251,1.568,0.393,0.248,0.656,0.02,0.637,0.319,0.155,1.0,-1.294,-0.422,0.562,1595.02792175422,21.4107,239477801.0,40.2578898404389,37.9333395514173,51.89
Pakistan,PAK,2022,14,0.718,0.688,0.246,1.568,0.383,0.234,0.65,0.02,0.638,0.279,0.133,1.0,-0.871,-0.305,0.562,1642.28066974826,24.2103,243700667.0,40.4177656413012,38.3740439760816,51.89
Pakistan,PAK,2023,14,0.743,0.676,0.226,1.568,0.335,0.211,0.592,0.02,0.543,0.267,0.12,1.0,-0.623,-0.184,0.623,1610.33122837537,27.3759,247504495.0,42.2911451386891,38.8191861872791,51.89
Pakistan,PAK,2024,14,0.652,0.649,0.204,1.076,0.313,0.199,0.576,0.02,0.568,0.164,0.114,1.0,-1.133,-0.51,0.623,1634.56735260799,,251269164.0,48.2805022055997,39.1734368360905,47.28
Philippines,PHL,2000,13,0.842,0.934,0.402,2.292,0.588,0.444,0.801,0.117,0.88,0.588,0.307,2.0,0.617,0.809,0.542,1793.34761146436,1.98225,79625397.0,,39.1384171397742,
Philippines,PHL,2001,13,0.842,0.923,0.376,2.292,0.547,0.413,0.778,0.109,0.868,0.502,0.289,2.0,0.617,0.809,0.542,1807.70892524758,2.52401,81401488.0,70.5786285400391,39.5375185608843,81.08
Philippines,PHL,2002,13,0.842,0.923,0.367,2.292,0.535,0.396,0.772,0.101,0.868,0.468,0.278,2.0,0.617,0.809,0.542,1837.25429286854,4.33228,83068889.0,74.9138336181641,39.9553922931877,81.08
Philippines,PHL,2003,13,0.842,0.923,0.364,2.292,0.534,0.395,0.77,0.093,0.863,0.468,0.278,2.0,0.617,0.809,0.542,1892.82161995051,4.85767,84731835.0,76.8219680786133,40.3928506135438,81.08
Philippines,PHL,2004,13,0.842,0.906,0.338,2.292,0.493,0.358,0.744,0.085,0.856,0.399,0.259,1.0,0.617,0.809,0.542,1978.34489133113,5.24363,86394504.0,78.5408630371094,40.8507057988121,76.97
Philippines,PHL,2005,13,0.853,0.906,0.326,2.292,0.47,0.353,0.731,0.077,0.835,0.362,0.248,1.0,0.617,0.809,0.542,2037.8776605946,5.39764,88015962.0,78.3063812255859,41.3297701258519,76.97
Philippines,PHL,2006,13,0.853,0.906,0.324,2.292,0.47,0.35,0.728,0.07,0.834,0.362,0.248,1.0,0.617,0.809,0.542,2110.42044781284,5.74059,89508986.0,76.9573211669922,41.8308558715226,76.97
Philippines,PHL,2007,13,0.853,0.906,0.322,2.292,0.468,0.356,0.728,0.07,0.834,0.355,0.247,1.0,0.617,0.809,0.542,2209.34651083329,5.97,91075184.0,77.0709991455078,42.3470499959497,63.68
Philippines,PHL,2008,13,0.859,0.906,0.324,2.292,0.466,0.355,0.727,0.07,0.834,0.351,0.246,1.0,0.617,0.809,0.542,2264.9462907288,6.22,92699095.0,78.008903503418,43.1547492407016,63.68
Philippines,PHL,2009,13,0.859,0.906,0.324,2.292,0.467,0.353,0.728,0.07,0.835,0.351,0.247,1.0,0.617,0.809,0.542,2256.72554835463,9.0,94384250.0,80.1762771606445,44.3356772609527,63.68
Philippines,PHL,2010,13,0.876,0.943,0.364,1.951,0.529,0.413,0.769,0.07,0.869,0.448,0.288,2.0,0.617,0.809,0.542,2373.14312064664,25.0,96337125.0,,45.5208176726647,74.98
Philippines,PHL,2011,13,0.876,0.943,0.377,1.951,0.553,0.432,0.783,0.07,0.876,0.492,0.298,2.0,0.617,0.809,0.542,2416.75212064542,29.0,98248614.0,,46.6833632464759,74.98
Philippines,PHL,2012,13,0.876,0.943,0.377,1.951,0.553,0.432,0.783,0.07,0.876,0.492,0.297,2.0,0.617,0.809,0.542,2533.74141964959,30.8,100175512.0,,47.9182784810426,74.98
Philippines,PHL,2013,13,0.876,0.942,0.377,1.951,0.551,0.429,0.783,0.07,0.879,0.478,0.287,2.0,0.617,0.809,0.542,2654.41506933978,32.7,102076336.0,,49.1313688766206,77.31
Philippines,PHL,2014,13,0.876,0.942,0.377,1.951,0.55,0.428,0.783,0.07,0.879,0.47,0.286,2.0,0.617,0.809,0.542,2776.92005909479,34.7,103767130.0,81.5640314318642,50.2392400212368,77.31
Philippines,PHL,2015,13,0.889,0.942,0.378,1.951,0.549,0.429,0.782,0.07,0.879,0.47,0.288,2.0,0.617,0.809,0.542,2909.85818010301,36.9,105312992.0,82.0085254812081,51.1549047745227,77.31
Philippines,PHL,2016,13,0.819,0.903,0.35,1.801,0.52,0.367,0.756,0.07,0.762,0.499,0.262,2.0,0.525,0.368,0.403,3076.3374186759,39.2,106735719.0,82.7837574272484,51.9114748151175,81.95
Philippines,PHL,2017,13,0.788,0.886,0.338,1.459,0.508,0.342,0.745,0.07,0.746,0.5,0.24,2.0,0.525,0.368,0.403,3247.4503878362,41.6,108119693.0,80.9227600097656,52.6010482354344,81.95
Philippines,PHL,2018,13,0.76,0.806,0.322,1.378,0.482,0.316,0.726,0.07,0.704,0.5,0.229,1.0,0.525,0.368,0.403,3410.93647976109,44.1,109465287.0,79.3622469757001,53.2088897464754,81.95
Philippines,PHL,2019,13,0.818,0.774,0.311,1.378,0.45,0.295,0.7,0.07,0.654,0.465,0.203,1.0,0.525,0.368,0.403,3575.88170922922,43.0266,110804683.0,85.3821865979599,53.7157859948017,74.31
Philippines,PHL,2020,13,0.709,0.744,0.284,1.378,0.425,0.286,0.679,0.07,0.586,0.448,0.183,1.0,0.525,0.368,0.403,3198.66690008413,53.7649,112081264.0,87.9419879481158,54.1077719895977,74.31
Philippines,PHL,2021,13,0.709,0.744,0.287,1.378,0.432,0.284,0.684,0.07,0.615,0.448,0.184,1.0,0.525,0.368,0.549,3350.97587587776,66.9078,113100950.0,85.8666475631511,54.4504102510776,74.31
Philippines,PHL,2022,13,0.709,0.744,0.287,1.378,0.43,0.288,0.686,0.07,0.657,0.409,0.189,1.0,0.525,0.368,0.373,3577.70136573244,75.2111,113964338.0,92.291271176651,54.7902343568327,83.83
Philippines,PHL,2023,13,0.709,0.773,0.289,1.378,0.434,0.299,0.692,0.07,0.664,0.389,0.191,1.0,0.525,0.368,0.373,3744.69763802928,83.7661,114891199.0,91.5493424610693,55.1242716168851,83.83
Philippines,PHL,2024,13,0.681,0.773,0.284,1.378,0.435,0.308,0.691,0.07,0.667,0.386,0.187,1.0,0.525,0.368,0.563,3925.3048697218,,115843670.0,85.2945085684493,55.4520983215477,83.83
Singapore,SGP,2000,13,0.348,0.383,0.097,-0.341,0.381,0.305,0.642,0.011,0.347,0.676,0.351,1.0,-0.697,-0.397,-1.417,34890.0811365168,36.0,4027887.0,,100.0,
Singapore,SGP,2001,13,0.348,0.383,0.097,-0.341,0.381,0.304,0.641,0.011,0.347,0.676,0.351,1.0,-0.697,-0.397,-1.417,33597.8690808226,41.6704,4138012.0,,100.0,94.61
Singapore,SGP,2002,13,0.348,0.383,0.096,-0.341,0.377,0.303,0.637,0.011,0.347,0.678,0.349,1.0,-0.697,-0.397,-1.417,34598.8267483781,47.0,4175950.0,,100.0,94.61
Singapore,SGP,2003,13,0.348,0.383,0.096,-0.341,0.377,0.303,0.637,0.011,0.347,0.678,0.349,1.0,-0.697,-0.397,-1.417,36709.7965038255,53.8379,4114826.0,,100.0,94.61
Singapore,SGP,2004,13,0.348,0.383,0.096,-0.341,0.377,0.303,0.637,0.011,0.347,0.678,0.349,1.0,-0.697,-0.397,-1.417,39856.6356222613,62.0,4166664.0,,100.0,94.61
Singapore,SGP,2005,13,0.348,0.383,0.095,-0.341,0.372,0.301,0.632,0.011,0.33,0.678,0.346,1.0,-0.697,-0.397,-1.417,41798.4880834671,61.0,4265762.0,,100.0,94.61
Singapore,SGP,2006,13,0.351,0.383,0.1,-0.341,0.387,0.308,0.649,0.011,0.354,0.719,0.356,1.0,-0.494,-0.397,-1.417,44159.4101820552,59.0,4401365.0,,100.0,94.01
Singapore,SGP,2007,13,0.343,0.383,0.098,-0.341,0.385,0.306,0.649,0.011,0.338,0.741,0.354,1.0,-0.494,-0.397,-1.285,46178.8139470199,69.9,4588599.0,,100.0,94.01
Singapore,SGP,2008,13,0.343,0.383,0.099,-0.341,0.391,0.31,0.653,0.011,0.347,0.741,0.357,1.0,-0.494,-0.397,-1.285,44601.5799302699,69.0,4839396.0,,100.0,94.01
Singapore,SGP,2009,13,0.343,0.383,0.099,-0.341,0.39,0.31,0.653,0.011,0.354,0.741,0.358,1.0,-0.494,-0.397,-1.285,43331.8746638962,69.0,4987573.0,,100.0,94.01
Singapore,SGP,2010,13,0.323,0.383,0.097,-0.341,0.39,0.309,0.653,0.011,0.354,0.741,0.358,1.0,-0.494,-0.397,-1.285,48752.0515441859,71.0,5076732.0,,100.0,94.01
Singapore,SGP,2011,13,0.323,0.399,0.102,-0.341,0.404,0.319,0.667,0.011,0.358,0.763,0.365,1.0,-0.494,-0.397,-1.285,50713.5326393594,71.0,5183688.0,,100.0,93.18
Singapore,SGP,2012,13,0.359,0.399,0.111,-0.341,0.42,0.328,0.68,0.011,0.367,0.774,0.375,1.0,-0.494,-0.397,-1.285,51679.352717333,72.0,5312437.0,,100.0,93.18
Singapore,SGP,2013,13,0.333,0.399,0.106,-0.341,0.416,0.325,0.678,0.011,0.352,0.774,0.373,1.0,-0.494,-0.397,-1.285,53298.9728558286,80.9021,5399162.0,,100.0,93.18
Singapore,SGP,2014,13,0.333,0.399,0.106,-0.341,0.416,0.325,0.678,0.011,0.352,0.774,0.373,1.0,-0.494,-0.397,-1.285,54681.9336458253,79.0292,5469724.0,,100.0,93.18
Singapore,SGP,2015,13,0.333,0.387,0.106,-0.341,0.415,0.325,0.677,0.011,0.352,0.779,0.372,1.0,-0.494,-0.397,-1.285,55645.6068614606,79.013,5535002.0,,100.0,93.7
Singapore,SGP,2016,13,0.333,0.387,0.109,-0.341,0.427,0.332,0.687,0.011,0.376,0.792,0.378,1.0,-0.494,-0.397,-1.285,56986.7853102911,84.4523,5607283.0,107.745868589242,100.0,93.7
Singapore,SGP,2017,13,0.381,0.372,0.114,-0.393,0.422,0.34,0.684,0.011,0.373,0.794,0.357,1.0,-0.494,-0.397,-1.285,59485.3015873921,84.4523,5612253.0,107.472873863465,100.0,93.7
Singapore,SGP,2018,13,0.398,0.387,0.113,-0.321,0.411,0.333,0.673,0.011,0.372,0.789,0.351,1.0,-0.494,-0.397,-1.285,61250.3476672302,88.1656,5638676.0,105.745250914262,100.0,93.7
Singapore,SGP,2019,13,0.419,0.377,0.115,-0.252,0.405,0.328,0.669,0.011,0.352,0.789,0.344,1.0,-0.494,-0.603,-1.285,61345.5291820062,88.9493,5703569.0,104.621987875083,100.0,93.7
Singapore,SGP,2020,13,0.329,0.403,0.102,-0.252,0.4,0.325,0.665,0.011,0.334,0.761,0.352,1.0,-0.384,-0.617,-1.301,59189.70385743,92.0043,5685807.0,103.115839213946,100.0,95.81
Singapore,SGP,2021,13,0.417,0.403,0.109,-0.252,0.395,0.325,0.659,0.011,0.336,0.741,0.349,1.0,-0.384,-0.617,-1.301,67731.2610711717,96.9247,5453566.0,102.951274385922,100.0,95.81
Singapore,SGP,2022,13,0.417,0.403,0.109,-0.252,0.395,0.324,0.66,0.011,0.331,0.741,0.349,1.0,-0.384,-0.617,-1.301,68218.805333562,95.9539,5637022.0,103.009804103267,100.0,95.81
Singapore,SGP,2023,13,0.386,0.403,0.108,-0.252,0.403,0.331,0.666,0.011,0.353,0.771,0.355,1.0,-0.657,-0.617,-0.851,66167.3596303607,94.2852,5917648.0,103.082801906213,100.0,95.81
Singapore,SGP,2024,13,0.386,0.403,0.112,-0.252,0.414,0.343,0.677,0.011,0.34,0.802,0.362,1.0,-0.657,-0.617,-1.155,67706.8336149739,94.3776,6036860.0,,100.0,95.81
South Korea,KOR,2000,12,0.903,0.82,0.595,1.577,0.842,0.765,0.933,0.072,0.96,0.932,0.734,3.0,1.137,1.794,2.114,17763.1353417297,44.7,47008111.0,98.0937805175781,79.579960745642,57.21
South Korea,KOR,2001,12,0.903,0.82,0.597,1.577,0.845,0.769,0.934,0.065,0.96,0.938,0.737,3.0,1.137,1.794,2.114,18460.4288193829,56.6,47370164.0,97.6082382202148,79.8787704357425,57.21
South Korea,KOR,2002,12,0.905,0.82,0.593,1.577,0.845,0.771,0.934,0.058,0.96,0.938,0.741,3.0,1.137,1.794,2.114,19775.3800655139,59.4,47644736.0,97.2662963867188,80.2766294544335,57.21
South Korea,KOR,2003,12,0.905,0.82,0.594,1.577,0.845,0.772,0.934,0.052,0.96,0.942,0.741,3.0,1.137,1.794,2.114,20278.0406421178,65.5,47892330.0,96.9660186767578,80.707793508044,57.21
South Korea,KOR,2004,12,0.921,0.82,0.594,1.577,0.845,0.772,0.934,0.045,0.96,0.94,0.742,3.0,1.137,1.794,2.114,21244.8136800528,72.7,48082519.0,96.9991989135742,81.104386778171,59.98
South Korea,KOR,2005,12,0.921,0.82,0.593,1.577,0.846,0.772,0.935,0.038,0.96,0.94,0.742,3.0,1.137,1.794,2.114,22123.7613066851,73.5,48184561.0,97.2146224975586,81.3901352283669,59.98
South Korea,KOR,2006,12,0.921,0.82,0.591,1.577,0.846,0.772,0.935,0.031,0.96,0.94,0.742,3.0,1.137,1.794,2.114,23162.1860111297,78.1,48438292.0,96.7785415649414,81.566462110512,59.98
South Korea,KOR,2007,12,0.921,0.82,0.591,1.577,0.843,0.77,0.933,0.031,0.955,0.94,0.74,3.0,0.98,1.794,2.114,24391.7651013448,78.8,48683638.0,96.7113800048828,81.712125801927,59.98
South Korea,KOR,2008,12,0.863,0.774,0.522,1.577,0.77,0.67,0.899,0.031,0.822,0.943,0.664,3.0,0.725,0.735,1.736,24934.5396367691,81.0,49054708.0,96.3489303588867,81.8350833138518,46.01
South Korea,KOR,2009,12,0.863,0.774,0.521,1.577,0.768,0.669,0.898,0.031,0.822,0.943,0.66,3.0,0.725,0.735,1.736,25009.9148311999,81.6,49307835.0,96.8854293823242,81.9245045084002,46.01
South Korea,KOR,2010,12,0.855,0.774,0.519,1.577,0.769,0.67,0.898,0.031,0.826,0.943,0.662,3.0,0.725,0.735,1.736,26623.0487122927,83.7,49554112.0,97.2930603027344,81.9685075986486,46.01
South Korea,KOR,2011,12,0.855,0.774,0.519,1.577,0.769,0.67,0.898,0.031,0.826,0.943,0.662,3.0,0.725,0.735,1.736,27393.455357272,83.7591,49936638.0,97.5294189453125,81.9615408086376,46.01
South Korea,KOR,2012,12,0.855,0.774,0.51,1.577,0.756,0.66,0.891,0.031,0.826,0.918,0.649,3.0,0.725,0.735,1.736,27944.0564190045,84.07,50199853.0,97.3674163818359,81.9087898200378,54.26
South Korea,KOR,2013,12,0.798,0.768,0.475,1.41,0.718,0.611,0.872,0.031,0.777,0.893,0.605,3.0,0.725,0.735,1.736,28732.711152033,84.77,50428893.0,97.8287506103516,81.8269383502703,54.26
South Korea,KOR,2014,12,0.798,0.768,0.469,1.41,0.71,0.602,0.868,0.031,0.776,0.893,0.602,3.0,0.725,0.735,1.736,29470.6732991655,87.5568,50746659.0,98.5806732177734,81.7315682816954,54.26
South Korea,KOR,2015,12,0.775,0.761,0.466,1.41,0.714,0.606,0.87,0.031,0.774,0.893,0.604,3.0,0.725,0.735,1.736,30171.7906545222,89.8963,51014947.0,98.5931930541992,81.639489860678,54.26
South Korea,KOR,2016,12,0.769,0.761,0.475,1.41,0.729,0.628,0.878,0.031,0.774,0.919,0.618,3.0,0.725,0.735,1.736,31005.4072876388,92.843,51217803.0,98.7179565429688,81.5559241797057,58.03
South Korea,KOR,2017,12,0.881,0.859,0.598,1.41,0.859,0.795,0.94,0.031,0.953,0.955,0.746,3.0,1.529,1.79,2.114,31979.9027302467,95.0694,51361911.0,99.105583190918,81.471030429984,58.03
South Korea,KOR,2018,12,0.883,0.87,0.601,1.41,0.864,0.797,0.943,0.031,0.954,0.961,0.751,3.0,1.529,1.79,2.114,32852.8887488942,96.0229,51585058.0,99.3186569213867,81.3823523035196,58.03
South Korea,KOR,2019,12,0.84,0.775,0.581,1.41,0.852,0.784,0.938,0.031,0.956,0.961,0.746,3.0,1.328,1.79,2.114,33496.3113815643,96.1576,51764822.0,98.3813018798828,81.2901063535619,58.03
South Korea,KOR,2020,12,0.854,0.843,0.591,1.41,0.858,0.79,0.94,0.031,0.95,0.959,0.748,3.0,1.328,1.79,2.114,33215.9298928108,96.5051,51836239.0,97.0888214111328,81.1759595622913,66.21
South Korea,KOR,2021,12,0.854,0.843,0.592,1.41,0.861,0.781,0.942,0.031,0.955,0.958,0.746,3.0,1.328,1.79,2.114,34792.9397214598,97.5713,51769539.0,98.0692291259766,81.1616526507785,66.21
South Korea,KOR,2022,12,0.814,0.779,0.546,1.41,0.81,0.729,0.918,0.031,0.904,0.95,0.702,3.0,0.931,0.876,2.114,35809.0138105144,97.1686,51672569.0,97.8181304931641,81.1624941626873,66.21
South Korea,KOR,2023,12,0.814,0.778,0.488,1.41,0.733,0.63,0.88,0.031,0.785,0.946,0.624,3.0,0.748,0.631,2.114,36347.7036392553,97.416,51712619.0,96.2983932495117,81.1645551720421,66.21
South Korea,KOR,2024,12,0.814,0.77,0.485,1.41,0.729,0.631,0.878,0.031,0.787,0.932,0.621,2.0,0.608,0.631,2.114,37048.4264001496,97.8956,51751065.0,,81.1682528469686,66.97
Sri Lanka,LKA,2000,14,0.72,0.549,0.3,0.922,0.493,0.316,0.732,0.039,0.646,0.573,0.324,1.0,-0.76,-0.233,-1.127,1956.93310381072,0.64741,19293054.0,,14.6196895000898,75.63
Sri Lanka,LKA,2001,14,0.788,0.549,0.311,0.922,0.497,0.318,0.734,0.031,0.646,0.586,0.326,1.0,-0.76,-0.233,-1.127,1896.48251734068,0.793822,19600362.0,,14.5739539539707,76.03
Sri Lanka,LKA,2002,14,0.788,0.549,0.331,0.922,0.536,0.341,0.763,0.031,0.685,0.648,0.347,2.0,-0.76,-0.233,-1.127,1951.22522777045,1.05042,19805752.0,,14.6107836754127,76.03
Sri Lanka,LKA,2003,14,0.788,0.549,0.331,0.922,0.536,0.341,0.763,0.031,0.685,0.648,0.347,2.0,-0.76,-0.233,-1.127,2052.03045078787,1.45858,19951521.0,,14.7256630416211,76.03
Sri Lanka,LKA,2004,14,0.788,0.534,0.319,0.922,0.517,0.328,0.749,0.031,0.685,0.605,0.337,2.0,-0.76,-0.233,-1.127,2149.10628588002,1.44616,20087605.0,,14.9130061059922,75.96
Sri Lanka,LKA,2005,14,0.462,0.309,0.236,0.384,0.432,0.275,0.683,0.031,0.509,0.579,0.292,1.0,-1.067,-0.233,-1.127,2268.6880127005,1.79205,20216524.0,,15.167273918248,75.96
Sri Lanka,LKA,2006,14,0.462,0.271,0.212,0.384,0.378,0.243,0.633,0.031,0.423,0.492,0.274,1.0,-1.067,-0.233,-1.127,2426.34873273046,2.53757,20352411.0,,15.4829275281105,75.96
Sri Lanka,LKA,2007,14,0.442,0.284,0.207,0.384,0.373,0.237,0.628,0.031,0.399,0.492,0.272,1.0,-1.067,-0.233,-1.127,2573.54362192705,3.88,20492545.0,,15.8544279853018,75.96
Sri Lanka,LKA,2008,14,0.442,0.284,0.204,0.384,0.366,0.236,0.622,0.031,0.382,0.485,0.269,1.0,-1.067,-0.233,-1.127,2708.58594222506,,20629378.0,,16.2762363395441,75.96
Sri Lanka,LKA,2009,14,0.442,0.283,0.204,0.384,0.364,0.234,0.621,0.031,0.373,0.485,0.268,1.0,-1.067,-0.233,-1.127,2787.27350976338,,20756435.0,,16.7428136405592,75.96
Sri Lanka,LKA,2010,14,0.515,0.334,0.223,0.501,0.39,0.243,0.644,0.031,0.478,0.487,0.275,1.0,-1.3,-0.108,-0.568,2993.01411511147,,20879089.0,92.3497085571289,17.2486209380693,61.26
Sri Lanka,LKA,2011,14,0.515,0.315,0.223,0.501,0.388,0.242,0.642,0.031,0.479,0.492,0.28,1.0,-1.3,-0.108,-0.568,3232.37350382301,,21009048.0,94.108642578125,17.7881192817964,61.26
Sri Lanka,LKA,2012,14,0.515,0.323,0.224,0.501,0.387,0.244,0.64,0.031,0.484,0.482,0.282,1.0,-1.3,-0.108,-0.568,3484.79049033884,,21169458.0,94.6744689941406,18.2617686748284,61.26
Sri Lanka,LKA,2013,14,0.596,0.35,0.252,0.499,0.422,0.271,0.673,0.031,0.557,0.497,0.292,1.0,-1.3,-0.108,-0.568,3728.93586647848,,20585000.0,95.1442636196356,18.4323136480916,61.26
Sri Lanka,LKA,2014,14,0.587,0.346,0.251,0.458,0.422,0.271,0.674,0.031,0.552,0.501,0.29,1.0,-1.3,-0.108,-0.568,3929.92062032185,10.5,20778000.0,93.4926277980089,18.6153877203724,61.26
Sri Lanka,LKA,2015,14,0.829,0.778,0.358,1.443,0.545,0.395,0.77,0.031,0.701,0.598,0.36,2.0,-1.3,-0.108,0.837,4057.7158346231,15.26,20970000.0,94.4516928962286,18.796256612131,77.66
Sri Lanka,LKA,2016,14,0.844,0.778,0.386,1.443,0.587,0.442,0.799,0.031,0.817,0.599,0.392,2.0,0.196,0.244,0.837,4214.74117992085,22.19,21209000.0,93.9037221276375,18.9747679368162,77.66
Sri Lanka,LKA,2017,14,0.831,0.799,0.383,1.319,0.583,0.442,0.796,0.031,0.795,0.599,0.387,2.0,0.196,0.244,0.837,4436.00789945768,25.1,21453000.0,94.0418660922689,19.1507693078088,77.66
Sri Lanka,LKA,2018,14,0.773,0.842,0.389,1.319,0.607,0.479,0.812,0.031,0.826,0.599,0.406,2.0,0.157,-0.111,0.837,4493.03575444544,28.3,21670000.0,95.9107331693991,19.3241083384127,77.66
Sri Lanka,LKA,2019,14,0.672,0.719,0.347,1.319,0.558,0.43,0.778,0.031,0.699,0.626,0.387,2.0,-0.351,0.099,1.041,4455.78189608267,32.0,21803000.0,,19.4946326418437,77.66
Sri Lanka,LKA,2020,14,0.574,0.499,0.346,0.856,0.578,0.368,0.79,0.031,0.657,0.767,0.386,2.0,-0.33,0.099,1.041,4227.23315306594,36.1847,21919000.0,,19.6621898312161,75.89
Sri Lanka,LKA,2021,14,0.62,0.461,0.347,0.856,0.57,0.388,0.785,0.031,0.677,0.734,0.375,2.0,-0.33,-0.06,1.041,4357.97225779491,44.4531,22156000.0,89.8339685558794,19.8266275195269,75.89
Sri Lanka,LKA,2022,14,0.619,0.581,0.364,1.289,0.598,0.436,0.803,0.031,0.707,0.754,0.402,2.0,-0.33,-0.372,1.287,4033.14561476298,48.3,22181000.0,88.1918156520303,19.9877933196367,75.89
Sri Lanka,LKA,2023,14,0.675,0.631,0.358,2.372,0.574,0.413,0.788,0.031,0.744,0.706,0.388,2.0,-0.287,0.77,1.287,3964.91987394354,51.2,22037000.0,87.9534065332114,20.1455348442463,75.89
Sri Lanka,LKA,2024,14,0.767,0.665,0.431,2.636,0.664,0.486,0.842,0.031,0.857,0.791,0.472,2.0,-0.111,0.77,1.287,4186.4986638365,,21916000.0,,20.2996997058686,68.93
Taiwan,TWN,2000,12,0.933,0.907,0.535,2.545,0.774,0.674,0.9,0.0,0.928,0.853,0.671,3.0,0.949,0.838,1.582,,,,,,
Taiwan,TWN,2001,12,0.937,0.909,0.545,2.545,0.786,0.684,0.906,0.0,0.93,0.859,0.68,3.0,0.949,0.838,1.582,,,,,,66.16
Taiwan,TWN,2002,12,0.943,0.909,0.554,2.545,0.795,0.694,0.911,0.0,0.93,0.878,0.69,3.0,0.949,0.838,1.582,,,,,,66.16
Taiwan,TWN,2003,12,0.949,0.909,0.552,2.545,0.791,0.688,0.908,0.0,0.919,0.878,0.686,3.0,0.949,0.838,1.582,,,,,,66.16
Taiwan,TWN,2004,12,0.942,0.909,0.58,2.545,0.777,0.674,0.902,0.208,0.919,0.851,0.674,3.0,0.949,0.838,1.582,,,,,,59.16
Taiwan,TWN,2005,12,0.948,0.884,0.578,2.545,0.774,0.672,0.9,0.208,0.919,0.855,0.669,3.0,0.949,0.838,1.582,,,,,,59.16
Taiwan,TWN,2006,12,0.948,0.884,0.58,2.545,0.776,0.675,0.902,0.208,0.919,0.862,0.672,3.0,0.949,0.838,1.582,,,,,,59.16
Taiwan,TWN,2007,12,0.948,0.884,0.583,2.545,0.777,0.677,0.902,0.208,0.921,0.862,0.676,3.0,0.949,0.838,1.582,,,,,,59.16
Taiwan,TWN,2008,12,0.948,0.884,0.634,2.545,0.796,0.686,0.911,0.383,0.928,0.877,0.691,3.0,0.949,0.838,1.582,,,,,,58.5
Taiwan,TWN,2009,12,0.922,0.884,0.624,2.545,0.796,0.668,0.911,0.373,0.901,0.886,0.691,3.0,0.949,0.838,1.582,,,,,,58.5
Taiwan,TWN,2010,12,0.922,0.898,0.629,2.545,0.804,0.67,0.914,0.362,0.909,0.884,0.701,3.0,0.949,0.838,1.582,,,,,,58.5
Taiwan,TWN,2011,12,0.922,0.898,0.627,2.545,0.804,0.67,0.914,0.352,0.909,0.884,0.701,3.0,0.949,0.838,1.582,,,,,,58.5
Taiwan,TWN,2012,12,0.922,0.898,0.626,2.545,0.806,0.677,0.916,0.341,0.911,0.886,0.703,3.0,0.949,0.838,1.582,,,,,,74.7
Taiwan,TWN,2013,12,0.892,0.897,0.612,2.545,0.802,0.68,0.914,0.309,0.91,0.884,0.709,3.0,0.949,0.838,1.582,,,,,,74.7
Taiwan,TWN,2014,12,0.892,0.897,0.608,2.545,0.804,0.681,0.915,0.276,0.91,0.89,0.708,3.0,0.949,0.838,1.582,,,,,,74.7
Taiwan,TWN,2015,12,0.892,0.897,0.602,2.545,0.804,0.681,0.915,0.244,0.91,0.89,0.709,3.0,0.949,0.838,1.582,,,,,,74.7
Taiwan,TWN,2016,12,0.934,0.915,0.631,2.95,0.838,0.729,0.931,0.212,0.921,0.932,0.742,3.0,0.949,0.838,1.582,,,,,,66.25
Taiwan,TWN,2017,12,0.934,0.915,0.629,2.95,0.843,0.732,0.933,0.179,0.912,0.939,0.744,3.0,0.949,0.838,1.582,,,,,,66.25
Taiwan,TWN,2018,12,0.925,0.915,0.667,2.95,0.844,0.734,0.934,0.371,0.916,0.939,0.746,3.0,0.949,0.838,1.582,,,,,,66.25
Taiwan,TWN,2019,12,0.936,0.92,0.646,2.95,0.835,0.727,0.93,0.346,0.896,0.939,0.742,3.0,0.766,0.838,1.582,,,,,,66.25
Taiwan,TWN,2020,12,0.926,0.92,0.634,2.95,0.824,0.72,0.924,0.335,0.868,0.942,0.737,3.0,0.766,0.838,1.582,,,,,,74.86
Taiwan,TWN,2021,12,0.931,0.92,0.633,2.95,0.824,0.71,0.924,0.319,0.868,0.942,0.738,3.0,0.766,0.838,1.97,,,,,,74.86
Taiwan,TWN,2022,12,0.931,0.922,0.651,2.95,0.827,0.727,0.926,0.405,0.878,0.941,0.739,3.0,0.438,0.838,1.97,,,,,,74.86
Taiwan,TWN,2023,12,0.937,0.922,0.644,2.95,0.823,0.723,0.924,0.379,0.87,0.941,0.735,3.0,0.438,0.646,1.97,,,,,,74.86
Taiwan,TWN,2024,12,0.933,0.907,0.621,2.95,0.8,0.7,0.913,0.37,0.848,0.936,0.695,3.0,0.438,0.646,1.97,,,,,,71.78
Thailand,THA,2000,13,0.751,0.822,0.234,0.556,0.507,0.395,0.749,0.015,0.695,0.474,0.3,2.0,-0.02,-0.481,-0.597,3514.71662970608,3.68904,63007815.0,,31.4626212652205,
Thailand,THA,2001,13,0.751,0.822,0.254,0.556,0.55,0.414,0.776,0.015,0.685,0.585,0.34,2.0,-0.02,-0.481,-0.597,3599.02524877358,5.55633,63651141.0,64.0281982421875,32.7428054763889,69.95
Thailand,THA,2002,13,0.751,0.787,0.251,0.556,0.544,0.408,0.771,0.015,0.685,0.587,0.338,2.0,-0.02,-0.481,-0.597,3783.75422073266,7.53125,64266437.0,65.5458221435547,34.0732781018222,69.95
Thailand,THA,2003,13,0.669,0.794,0.238,0.556,0.539,0.396,0.767,0.015,0.685,0.576,0.337,2.0,-0.02,-0.481,-0.597,4018.15538187068,9.29903,64868166.0,,35.4270354382579,69.95
Thailand,THA,2004,13,0.694,0.759,0.241,0.938,0.538,0.392,0.767,0.015,0.685,0.576,0.332,2.0,-0.02,-0.481,-0.597,4232.77157261934,10.6773,65452047.0,67.444221496582,36.785516284484,69.95
Thailand,THA,2005,13,0.694,0.786,0.229,0.938,0.514,0.369,0.75,0.015,0.66,0.541,0.318,2.0,-0.02,-0.481,-0.597,4372.25730206261,15.026,66017420.0,71.8262786865234,38.1301594392881,75.13
Thailand,THA,2006,13,0.646,0.655,0.124,0.989,0.236,0.175,0.447,0.015,0.592,0.143,0.189,1.0,-0.02,-0.481,-0.597,4551.5250018314,17.1607,66567687.0,71.6298599243164,39.4424037014582,64.77
Thailand,THA,2007,13,0.659,0.631,0.124,1.027,0.186,0.186,0.372,0.151,0.521,0.011,0.17,0.0,-0.169,-0.481,-0.869,4760.66708464831,20.03,67102394.0,75.7808074951172,40.7036878697821,78.51
Thailand,THA,2008,13,0.66,0.719,0.195,1.027,0.401,0.34,0.656,0.151,0.587,0.435,0.261,1.0,-0.169,-0.481,-0.869,4805.76393990836,18.2,67619830.0,75.2078475952148,41.8954507430475,78.51
Thailand,THA,2009,13,0.66,0.672,0.202,1.027,0.416,0.342,0.671,0.151,0.592,0.44,0.266,1.0,-0.169,-0.481,-0.869,4737.45679763314,20.1,68121080.0,76.6007080078125,42.9991311200422,78.51
Thailand,THA,2010,13,0.66,0.652,0.202,1.027,0.414,0.335,0.668,0.151,0.597,0.438,0.267,1.0,-0.224,-0.481,-0.516,5059.35747831657,22.4,68579447.0,78.3943786621094,44.0018736622496,78.51
Thailand,THA,2011,13,0.67,0.729,0.223,1.092,0.466,0.378,0.714,0.151,0.62,0.486,0.293,1.0,-0.224,-0.481,-0.308,5070.23740191942,23.6699,69007208.0,86.9894790649414,44.8048723557374,75.03
Thailand,THA,2012,13,0.67,0.763,0.236,1.092,0.497,0.405,0.737,0.143,0.653,0.535,0.31,1.0,-0.224,-0.481,-0.308,5403.87846036273,26.46,69436098.0,85.5365295410156,45.373565813715,75.03
Thailand,THA,2013,13,0.66,0.7,0.208,1.092,0.432,0.348,0.681,0.136,0.587,0.472,0.27,1.0,-0.224,-0.481,-0.308,5516.61164164135,28.94,69845114.0,83.854850769043,45.8321343847773,75.03
Thailand,THA,2014,13,0.489,0.288,0.069,0.926,0.158,0.118,0.316,0.0,0.261,0.253,0.153,0.0,-1.05,-0.87,-0.626,5541.46599361845,34.8861,70216367.0,123.525459289551,46.3138799467897,46.79
Thailand,THA,2015,13,0.545,0.299,0.07,0.926,0.152,0.106,0.303,0.0,0.27,0.272,0.151,0.0,-0.993,-0.87,-0.808,5688.85335397884,39.3161,70540795.0,124.330596923828,46.9521043776171,46.79
Thailand,THA,2016,13,0.528,0.389,0.077,0.926,0.155,0.108,0.309,0.1,0.288,0.248,0.146,0.0,-0.993,-0.87,-0.808,5857.78052935926,47.505,70859841.0,122.563217163086,47.8801095551247,46.79
Thailand,THA,2017,13,0.541,0.334,0.095,0.764,0.15,0.105,0.3,0.284,0.276,0.249,0.143,0.0,-0.993,-0.87,-0.808,6076.74307700082,52.8919,71160187.0,79.5062371844027,49.2311973571777,46.79
Thailand,THA,2018,13,0.546,0.349,0.099,0.764,0.168,0.115,0.336,0.276,0.366,0.267,0.149,0.0,-0.993,-0.87,-0.808,6314.19948412043,56.8175,71376079.0,80.6045305135668,54.5843734741211,46.79
Thailand,THA,2019,13,0.567,0.512,0.111,0.764,0.206,0.189,0.411,0.268,0.428,0.185,0.162,0.0,-0.993,-0.87,-0.52,6434.53770518034,66.6524,71522271.0,81.7206425877734,55.9266166687012,74.69
Thailand,THA,2020,13,0.545,0.425,0.108,0.764,0.198,0.185,0.396,0.26,0.425,0.169,0.16,0.0,-0.993,-1.056,-0.52,6035.18627737077,77.8437,71641484.0,82.3668560969625,57.2358779907227,74.69
Thailand,THA,2021,13,0.545,0.425,0.113,0.764,0.203,0.185,0.407,0.24,0.425,0.169,0.161,0.0,-0.993,-1.056,-0.52,6121.52696529713,85.2696,71727332.0,84.6644528199547,58.5087776184082,74.69
Thailand,THA,2022,13,0.563,0.487,0.11,0.784,0.208,0.191,0.416,0.221,0.432,0.173,0.163,0.0,-0.993,-1.056,0.446,6278.7855138276,87.9772,71735329.0,88.0661686868399,59.742374420166,74.69
Thailand,THA,2023,13,0.597,0.579,0.142,0.784,0.289,0.24,0.534,0.201,0.516,0.34,0.193,1.0,-0.868,-1.056,0.446,6408.41432577294,89.5353,71702435.0,93.3356315272258,60.9341926574707,75.71
Thailand,THA,2024,13,0.699,0.64,0.186,1.015,0.389,0.289,0.645,0.181,0.525,0.443,0.231,1.0,-0.868,-0.573,0.341,6574.46109387985,90.8672,71668011.0,92.507325535959,61.8689338391321,75.71
Timor-Leste,TLS,2000,13,0.555,0.801,,1.098,0.224,0.184,0.447,0.0,0.865,0.0,0.161,0.0,2.286,1.1,-0.24,1117.56432347244,,745088.0,,24.1139427164365,
Timor-Leste,TLS,2001,13,0.555,0.801,,1.098,0.291,0.233,0.528,0.0,0.865,0.156,0.198,1.0,2.286,1.1,-0.24,1192.74796357529,,812249.0,41.3206901550293,24.469641672156,86.03
Timor-Leste,TLS,2002,13,0.608,0.801,0.25,1.098,0.567,0.426,0.789,0.018,0.834,0.539,0.342,2.0,2.286,1.1,-0.24,1028.13194386616,0.0,879159.0,44.7095603942871,24.8506108883184,86.03
Timor-Leste,TLS,2003,13,0.661,0.801,0.264,1.098,0.582,0.421,0.795,0.018,0.808,0.598,0.353,2.0,2.286,1.1,-0.24,964.322543048225,,916878.0,46.5835189819336,25.2611540807581,86.03
Timor-Leste,TLS,2004,13,0.661,0.801,0.264,1.098,0.582,0.421,0.795,0.018,0.808,0.598,0.353,2.0,2.286,1.1,-0.24,955.470489028291,,929074.0,57.962100982666,25.7040830077802,86.03
Timor-Leste,TLS,2005,13,0.661,0.801,0.319,1.098,0.58,0.415,0.794,0.018,0.808,0.598,0.35,2.0,2.286,1.1,-0.24,964.026656178075,0.0990318,948311.0,59.4707984924316,26.3097308948751,86.03
Timor-Leste,TLS,2006,13,0.661,0.801,0.318,1.098,0.58,0.414,0.794,0.018,0.804,0.598,0.343,2.0,2.286,1.989,0.119,897.573801807644,0.5,976597.0,,27.121697883382,86.03
Timor-Leste,TLS,2007,13,0.661,0.85,0.342,1.098,0.621,0.469,0.818,0.018,0.8,0.665,0.371,2.0,2.286,1.989,0.119,961.848415522858,1.0,1004889.0,,28.0011655196859,80.54
Timor-Leste,TLS,2008,13,0.662,0.85,0.346,1.098,0.628,0.475,0.823,0.018,0.796,0.679,0.388,2.0,2.286,1.989,0.595,1042.86833768293,1.5,1032429.0,57.0646095275879,28.8076745459306,80.54
Timor-Leste,TLS,2009,13,0.662,0.85,0.348,1.098,0.634,0.48,0.825,0.018,0.801,0.681,0.387,2.0,2.286,1.989,0.595,1120.09693594876,2.0,1058782.0,67.0938568115234,29.4007657042596,80.54
Timor-Leste,TLS,2010,13,0.662,0.85,0.361,1.098,0.636,0.49,0.827,0.018,0.816,0.681,0.387,2.0,2.286,1.39,0.595,1195.38066079604,3.0,1084679.0,68.3026309590313,29.6398840020416,80.54
Timor-Leste,TLS,2011,13,0.631,0.838,0.359,0.798,0.636,0.49,0.827,0.018,0.816,0.681,0.394,2.0,2.286,1.39,0.595,1237.48380284894,4.0,1110207.0,70.1640602638495,29.633352306451,80.54
Timor-Leste,TLS,2012,13,0.631,0.838,0.37,0.798,0.656,0.502,0.838,0.018,0.817,0.715,0.407,2.0,2.286,1.39,0.595,1269.41625561248,7.0,1134885.0,70.0278421982138,29.6136082349605,80.54
Timor-Leste,TLS,2013,13,0.631,0.838,0.369,0.798,0.655,0.5,0.837,0.018,0.822,0.71,0.405,2.0,2.286,1.39,0.595,1281.92864043187,11.0,1158695.0,67.8276665960217,29.5836906253246,80.54
Timor-Leste,TLS,2014,13,0.631,0.789,0.359,0.798,0.639,0.473,0.827,0.018,0.808,0.71,0.394,2.0,2.286,1.39,0.708,1312.96494988639,17.5,1181903.0,69.3739464182596,29.5463092024041,80.54
Timor-Leste,TLS,2015,13,0.631,0.717,0.36,0.924,0.644,0.471,0.831,0.018,0.857,0.71,0.392,2.0,2.286,1.39,0.708,1319.59295003154,18.6,1205131.0,72.9840325557506,29.5043315008419,80.54
Timor-Leste,TLS,2016,13,0.631,0.747,0.368,0.783,0.626,0.459,0.82,0.018,0.793,0.718,0.378,2.0,2.286,1.39,0.708,1333.65856117568,21.2,1228312.0,77.3856943732818,29.4462907628171,80.54
Timor-Leste,TLS,2017,13,0.62,0.797,0.394,0.783,0.662,0.489,0.841,0.018,0.772,0.806,0.403,2.0,1.687,0.801,0.708,1267.08661597675,24.2,1251703.0,81.1665700933061,29.3600996787092,76.74
Timor-Leste,TLS,2018,13,0.631,0.818,0.413,0.783,0.688,0.507,0.855,0.018,0.807,0.813,0.424,2.0,1.687,0.801,0.708,1237.2006590123,27.6,1275959.0,83.0952419040915,29.248617510057,80.98
Timor-Leste,TLS,2019,13,0.591,0.853,0.414,0.783,0.699,0.524,0.862,0.018,0.819,0.811,0.429,2.0,1.687,1.406,0.708,1507.24743550088,28.0046,1300945.0,85.1248242560832,29.1148755245217,80.98
Timor-Leste,TLS,2020,13,0.619,0.853,0.405,0.783,0.677,0.49,0.849,0.018,0.774,0.811,0.421,2.0,1.687,0.811,0.708,1947.83992943521,32.0127,1326053.0,84.7410404382553,28.9619049897647,80.98
Timor-Leste,TLS,2021,13,0.549,0.853,0.402,0.783,0.69,0.5,0.856,0.018,0.798,0.811,0.428,2.0,1.687,0.811,0.708,2015.82035757039,35.042,1350139.0,,28.7927371734472,80.98
Timor-Leste,TLS,2022,13,0.7,0.897,0.436,1.394,0.705,0.516,0.864,0.018,0.801,0.836,0.436,2.0,1.687,1.427,0.708,1579.71085276403,34.5102,1369295.0,,28.5857292288968,80.98
Timor-Leste,TLS,2023,13,0.7,0.897,0.442,1.394,0.712,0.525,0.869,0.018,0.807,0.843,0.442,2.0,1.687,1.427,0.708,1279.21122757564,34.0207,1384286.0,,28.595471832952,79.28
Timor-Leste,TLS,2024,13,0.7,0.913,0.455,1.394,0.733,0.549,0.879,0.018,0.837,0.842,0.465,2.0,1.687,1.427,0.708,1149.21888298011,,1400638.0,,28.6641074179574,79.28
Vietnam,VNM,2000,13,0.757,0.33,0.17,1.319,0.151,0.092,0.301,0.02,0.151,0.499,0.196,0.0,-1.847,-1.443,-2.075,1212.19657794381,0.254248,77154011.0,,24.3672526919772,
Vietnam,VNM,2001,13,0.757,0.33,0.17,1.319,0.151,0.092,0.301,0.02,0.151,0.499,0.196,0.0,-1.847,-1.443,-2.075,1273.8052690094,1.26565,77969361.0,,24.9489362725143,
Vietnam,VNM,2002,13,0.741,0.323,0.167,1.056,0.148,0.093,0.296,0.02,0.151,0.474,0.196,0.0,-1.847,-1.443,-2.075,1340.51670460271,1.855,78772224.0,,25.5540925665659,98.85
Vietnam,VNM,2003,13,0.741,0.323,0.167,1.056,0.147,0.093,0.293,0.02,0.151,0.459,0.195,0.0,-1.847,-1.443,-2.075,1418.74337471509,3.78028,79563777.0,,26.1745407830283,98.85
Vietnam,VNM,2004,13,0.741,0.323,0.167,1.056,0.148,0.093,0.295,0.02,0.159,0.459,0.195,0.0,-1.847,-1.443,-2.075,1510.94449049599,7.64241,80338971.0,,26.8021001307977,98.85
Vietnam,VNM,2005,13,0.741,0.323,0.167,1.056,0.146,0.11,0.293,0.02,0.151,0.459,0.195,0.0,-1.847,-1.443,-2.075,1609.96268313651,12.7399,81088313.0,,27.4285898187702,98.85
Vietnam,VNM,2006,13,0.741,0.33,0.167,1.056,0.148,0.11,0.295,0.02,0.154,0.459,0.195,0.0,-1.847,-1.443,-2.075,1699.67620343393,17.2546,82167897.0,,28.0458290558422,98.85
Vietnam,VNM,2007,13,0.74,0.33,0.168,1.056,0.148,0.111,0.297,0.02,0.154,0.471,0.193,0.0,-1.847,-1.443,-2.075,1788.9485028957,20.7554,83633375.0,,28.6456370509099,99.64
Vietnam,VNM,2008,13,0.749,0.339,0.17,1.109,0.149,0.111,0.299,0.02,0.154,0.478,0.193,0.0,-1.847,-1.443,-2.075,1856.00519883979,23.92,85175788.0,,29.2198330128693,99.64
Vietnam,VNM,2009,13,0.749,0.311,0.17,1.109,0.149,0.111,0.297,0.02,0.154,0.478,0.193,0.0,-1.847,-1.443,-2.075,1927.13427057454,26.55,86460018.0,,29.7581347355675,99.64
Vietnam,VNM,2010,13,0.754,0.34,0.169,1.197,0.149,0.111,0.298,0.02,0.154,0.478,0.199,0.0,-1.695,-1.443,-2.075,2027.58184375924,30.65,87455152.0,,30.2504027258526,99.64
Vietnam,VNM,2011,13,0.761,0.34,0.171,1.197,0.149,0.111,0.298,0.02,0.154,0.474,0.198,0.0,-1.695,-1.443,-2.075,2132.90453762087,35.07,88468314.0,,30.6996041680996,99.51
Vietnam,VNM,2012,13,0.754,0.324,0.169,1.14,0.149,0.111,0.297,0.02,0.154,0.471,0.198,0.0,-1.695,-1.443,-2.075,2224.11404253256,36.8,89510356.0,,31.1222779403029,99.51
Vietnam,VNM,2013,13,0.724,0.304,0.167,0.997,0.147,0.118,0.294,0.02,0.149,0.471,0.2,0.0,-1.695,-1.443,-1.801,2320.08431444934,38.5,90573104.0,,31.5334201724543,99.51
Vietnam,VNM,2014,13,0.724,0.311,0.167,1.052,0.147,0.118,0.294,0.02,0.149,0.471,0.2,0.0,-1.658,-1.443,-1.801,2439.28655744423,41.0,91679578.0,,31.9480269945454,99.51
Vietnam,VNM,2015,13,0.732,0.317,0.167,1.052,0.147,0.118,0.293,0.02,0.149,0.471,0.2,0.0,-1.658,-1.443,-1.801,2577.56885340113,45.0,92823254.0,89.4548341262217,32.3810945365679,99.51
Vietnam,VNM,2016,13,0.734,0.287,0.168,1.09,0.151,0.122,0.301,0.02,0.149,0.499,0.201,0.0,-1.892,-1.692,-1.801,2715.57887431272,53.0,94000117.0,90.1583347107672,32.8476189285136,99.26
Vietnam,VNM,2017,13,0.732,0.272,0.168,1.126,0.151,0.118,0.303,0.02,0.155,0.499,0.198,0.0,-1.892,-1.692,-1.801,2868.13680013379,58.14,95176977.0,91.0725198149335,33.3625963003742,99.26
Vietnam,VNM,2018,13,0.732,0.272,0.171,1.126,0.162,0.116,0.323,0.02,0.137,0.499,0.191,1.0,-1.892,-1.692,-1.801,3048.28327602145,69.8479,96237319.0,92.8377710790826,33.9410227821412,99.26
Vietnam,VNM,2019,13,0.737,0.272,0.188,1.126,0.214,0.119,0.424,0.02,0.13,0.505,0.207,1.0,-1.892,-1.488,-1.801,3241.07648966529,68.6616,97173776.0,94.654621676317,34.6239134999511,99.26
Vietnam,VNM,2020,13,0.689,0.262,0.181,1.055,0.211,0.108,0.419,0.02,0.129,0.495,0.208,1.0,-2.033,-1.488,-2.133,3303.16949807493,70.3,98079191.0,93.1921389514105,35.5706676299742,99.26
Vietnam,VNM,2021,13,0.682,0.261,0.169,0.947,0.17,0.11,0.338,0.02,0.15,0.526,0.182,0.0,-1.995,-1.488,-1.836,3358.21734764714,74.21,98935098.0,92.7690209240401,36.6540656426603,95.6
Vietnam,VNM,2022,13,0.609,0.17,0.159,0.947,0.153,0.109,0.305,0.02,0.161,0.531,0.184,0.0,-2.15,-1.488,-1.658,3617.66311465012,78.59,99680655.0,93.4123434096522,37.5478515625,95.6
Vietnam,VNM,2023,13,0.695,0.143,0.166,0.947,0.148,0.113,0.297,0.02,0.142,0.513,0.184,0.0,-2.721,-1.488,-2.14,3775.46375555802,78.08,100352192.0,,38.1298904418945,95.6
Vietnam,VNM,2024,13,0.674,0.142,0.157,0.947,0.174,0.124,0.347,0.02,0.138,0.514,0.189,0.0,-2.721,-1.474,-2.14,4017.74604111554,84.15,100987686.0,,38.4900703430176,95.6
